1,Transknight
6,TransKnight
7,TransKnight
8,TransKnight
9,TransKnight
11,Foema
16,Foema
17,Foema
18,Foema
19,Foema
21,Beast_Master
22,Wolf_Master
23,Bear_Master
24,Astaroth
25,Titan
26,Beast_Master
27,Beast_Master
28,Beast_Master
29,Beast_Master
31,Hunter
32,Evilator
36,Hunter
37,Hunter
38,Hunter
39,Hunter
41,Transknight
42,Foema
43,Beast_Master
44,Hunter
51,Ruty
52,Town_Watcher
53,Tera
54,Compounder
55,Ailine
56,Akada
57,Premium_Trader_Nell
58,Smith
59,Merchant
60,Guard
61,Elder_Foema
62,Elder(helmet)
63,Arch_Master
64,Trader_Arnold
65,Shiner's_face(Type_A)
66,Shiner's_face(Type_B)
67,Shiner's_face(Type_C)
68,Tiny
100,Steel_Helmet
101,Steel-Armor
102,Steel_Pants
103,Steel_Gloves
104,Steel_Boots
105,Shell_Robe(helmet)
106,Shell_Robe(Tunic)
107,Shell_Robe(Skirt)
108,Shell_Robe(Gloves)
109,Shell_Robe(Boots)
110,Casting_Robe(helmet)
111,Casting_Robe(Tunic)
112,Casting_Robe(Pants)
113,Casting_Robe(Gloves)
114,Casting_Robe(Boots)
115,Artisan's_Helmet
116,Artisan's_Breastplate
117,Artisan's_Pants
118,Artisan's_Gloves
119,Artisan's_Boots
120,Midas_Cap
121,Midas_Coat
122,Midas_Pants
123,Midas_Gloves
124,Midas_Boots
125,Guard_leader_Helmet
126,Guard_leader_Breastplate
127,Guard_leader_Pants
128,Guard_leader_Gloves
129,Guard_leader_Boots
130,Guard_leader_Helmet
131,Guard_leader_Breastplate
132,Arch_Helmet
133,Arch_Breastplate
134,Arch_Pants
135,Arch_Gloves
136,Arch_Boots
137,Arnold_Helmet
138,Arnold_Pants
139,Ruby_Helmet
140,Ruby_Breastplate
141,Ruby_Pants
142,Ruby_Gloves
143,Ruby_Boots
144,Watcher_Helmet
145,Watcher_Breastplate
146,Watcher_Pants
147,Watcher_Gloves
148,Watcher_Boots
149,Tera_Helmet
150,Tera_Breastplate
151,Tera_Pants
152,Tera_Gloves
153,Tera_Boots
154,Blue_king_Helmet
155,Blue_king_Breastplate
156,Blue_king_Pants
157,Blue_king_Gloves
158,Blue_king_Boots
159,Orange_King_Helmet
160,Orange_King_Breastplate
161,Orange_King_Pants
162,Orange_King_Gloves
163,Orange_King_Boots
164,Blue_Guard_Helmet
165,Blue_Guard_Breastplate
166,Blue_Guard_Pants
167,Blue_Guard_Gloves
168,Blue_GuardBoots
169,Orange_Guard_Helmet
170,Orange_Guard_Breastplate
171,Orange_Guard_Pants
172,Orange_Guard_Gloves
173,Orange_Guard_Boots
174,Black_Knight
175,Legend_Black_Knight
176,Shiner's_Body
177,Korean_Clothes_Body
181,Berserker_Face
182,Berserker_Helmet
183,Berserker_Armor
184,Berserker_Leggings
185,Berserker_Gauntlet
186,Berserker_Boots
200,Dragon
201,Emerald_Dragon
202,Gremlin
203,Crill
204,Crill_Chief
205,Whale
206,Eagle
207,Orc_Knight
208,Orc_Knight
209,Orc_Archer
210,B_Orc_Knight
211,B_Orc_Archer
212,Axe_Troll
213,Hammar_Troll
214,B_Axe_Troll
215,B_Hammar_Troll
216,Wild_Boar
217,Angel
218,Hydra
219,Tower_of_Tore
220,Moonhealth
221,Boa
222,Gremlin_King
223,Pigeon
224,Gold_Dragon
225,War_Boar
226,Wolf
227,Bear
228,Ghoul
229,Ghoul_Chief
230,Carbunkle
231,Carbunkle_Hire
232,Orc_Shaman
233,Cyclops
234,Bloody_Cyclops
235,Minotaurs
236,Dread_Taurs
237,Taurs_King
238,Argos
239,Devil
240,Lizard1
241,Lizard2
242,Archer_Cyclops
243,Mage_Cyclops
244,Trample_Tiger
245,Sturning_Gorilla
246,Astaroth
247,Froggy_Head
248,Froggy_Head
249,Froggy_Head
250,Froggy_Head
251,Froggy_Boots
252,Odd_Froggy_Head
253,Odd_Froggy_Head
254,Odd_Froggy_Head
255,Odd_Froggy_Head
256,Odd_Froggy_Head
257,Zakum_Archer
258,Zakum_Archer
259,Zakum_Guard
260,Skeleton_Face
261,Skeleton_Head
262,Skeleton_Trunk
263,Skeleton_Pants
264,Skeleton_Pants
265,Skeleton_Boots
266,Skeleton_Chief_Helmet
267,Skeleton_Chief_Trunk
268,Skeleton_Chief_Pants
269,Skeleton_Chief_Gloves
270,Skeleton_Chief_Boots
271,Skeleton_Bonze_Face
272,Skeleton_Bonze_Helmet
273,Skeleton_Bonze_Trunk
274,Skeleton_Bonze_Pants
275,Skeleton_Bonze_Gloves
276,Skeleton_Bonze_Boots
277,Skeleton_Archer_Face
278,Skeleton_Archer_Helmet
279,Skeleton_Archer_Trunk
280,Skeleton_Archer_Pants
281,Skeleton_Archer_Gloves
282,Skeleton_Archer_Boots
283,Dark_Knight
284,Dark_Elf
285,Dark_Elf_Archer_Trunk
286,Dark_Elf_Bonze_Trunk
287,Legend_Dark_Elf
288,Legend_Elf_Archer_Trunk
289,Legend_Elf_Bonze_Trunk
290,Legend_Black_Cape
291,Dungeon_Bear
292,Bat
293,Bone_Dragon
294,Devil
295,Devil_Boss
296,Zombie_Troll
297,Golem
298,Golem_Chief
299,Wolf
300,Dragon_Papy
301,Goat
302,Titan
303,Blue_King
304,Orange_King
305,Orange_Guard
306,Undead_Troll
307,Black_Dragon
309,Water_Golem
310,Fire_Gargoyle
311,Frenzy_Demon_Lord
312,New_Troll1
313,New_Troll1
314,New_Troll1
315,Pig
316,Tamed_Boar
317,Tamed_Wolf
318,Dragon_Papy
319,Tamed_Bear
320,Smilodon
321,Bareback_Horse
322,Steed
323,Swift_Horse
324,Harnessed_Horse
325,Parade_Horse
326,Bareback_Horse
327,Steed
328,Swift_Horse
329,Harnessed_Horse
330,Parade_Horse
331,Fenrir
332,Dragon
333,Wild_Fenrir
334,Fire_Tiger
335,Red_Dragon
336,Unicorn
337,Pegasus
338,Unisus
339,Griffon
340,Hippogriph
341,Bloody_Criffe
342,Shire_Horse
343,Thoroughbred_Horse
344,Clydesdale_Horse
345,Gullfaxi_Horse
351,Trant
352,Hell_Spider
353,Tarantula
354,Man_Trap
355,Purple_Worm
356,Santa_Carbunkle
357,Guard_Tower
358,Vine
359,Bush
360,Mighty_Talos
361,Batorero
362,Kephra
363,Kephra_Guard
364,Hell_Lich
365,Arc_Lich
366,Puner_Simer
367,Puner_Cycler
368,Ape
369,Amon_Soldier
370,Amon_Warrior
371,Amon_Chief
372,Snowfield_chief
373,Snowfield_Wolf
374,Ancient_Ant
375,Ancient_Ape
376,Kalints_Cat_Man_Face
377,Kalints_Cat_Man_Helmet
378,Kalints_Cat_Man_Body
379,Kalints_Cat_Man_Leggings
380,Kalints_Cat_Man_Gauntlets
381,Kalints_Cat_Man_Boots
382,Kalints_Cat_Women's_Face
383,Kalints_Cat_Women's_Helmet
384,Kalints_Cat_Women's_Body
385,Kalints_Cat_Women's_Lenggings
386,Kalints_Cat_Women's_Gauntlet
387,Kalints_Cat_Women's_Boots
388,Frozen_Troll
389,Kaizer_Wolf
390,Cursed_Templer
391,Cursed_Sorcerer
392,Cursed_Shaman
393,Cursed_Ranger
394,Valkiry
395,Dark_Queen_Beriel
396,Succubus
397,Balrog
400,Healing_Potion(S)
401,Healing_Potion(M)
402,Healing_Potion(ML)
403,Healing_Potion(L)
404,Healing_Potion(XL)
405,Mana_Potion(S)
406,Mana_Potion(M)
407,Mana_Potion(ML)
408,Mana_Potion(L)
409,Mana_Potion(XL)
410,Recall_Scroll
411,Recall_Scroll(10)
412,Oriharukon_Powder
413,Laktorerium_Powder
414,Fairy_Dust
415,Recovery_Herb
416,Kappa
417,Adelas
418,sharin_Of_Kein
419,Oriharukon_Scrap
420,Laktorerium_Scrap
421,Crystal_1
422,Crystal_2
423,Crystal_3
424,Crystal_4
425,Crystal_5
426,Crystal_6
427,Crystal_7
428,Healing_Potion5_Boxes(M)
429,Healing_Potion10_Boxes(M)
430,Healing_Potion5_Boxes(L)
431,Healing_Potion5_Boxes(L)
432,Mana_Potion5_Boxes(M)
433,Mana_Potion10_Boxes(M)
434,Mana_Potion5_Boxes(L)
435,Mana_Potion5_Boxes(L)
436,Hired_Soldier_Contract(Knight)
437,Hired_Soldier_Contract(Archer)
438,Hired_Soldier_Contract(Mage)
439,Hired_Soldier_Contract(Knight)
440,Hired_Soldier_Contract(Archer)
441,Hired_Soldier_Contract(Mage)
446,Guild_Board_Scroll
447,Divine_Circle_Piece
448,Pure_Divine_Circle
449,Pure_Divine_Circle
450,Pure_Divine_Circle
451,First_Gate_Key
452,Second_Gate_Key
453,Final_Gate_Key
454,Gold_Coin_1
455,Gold_Coin_1
456,Gold_Coin_1
457,South_Gate
458,First_Gate_Key
459,Second_Gate_Key
461,Final_Gate_Key
462,Orc_Castle_South_Gate
463,Orc_Castle_East_Gate
464,Orc_Castle_Final_S_Gate
465,Orc_Castle_South_Gate_Key
466,Orc_Castle_East_Gate_Key
467,Orc_Castle_Final_S.G_Key
468,Orc_Castle_Final_E_Gate
469,Orc_Castle_Final_E.G_Key
470,Magical_Pill
471,Guild_Battle_Gate
472,Steel_Window
473,Christmas_Gift_Box
474,Test_Gift_Box
475,Treasure_Box
476,Santa_Treasure_Box
477,Mission_1_Treasure_Box
478,Mission_2_Treasure_Box
479,Mission_3_Treasure_Box
480,Treasure_Box
481,Eye_Wax
482,Treasure_Box
483,Treasure_Box
484,Treasure_Box
485,Treasure_Box
486,Rareness_Treasure_Box
487,Treasure_Box
488,Treasure_Box
489,Treasure_Box
490,Battle_Royal_Badge(N)
491,Battle_Royal_Badge(M)
492,Battle_Royal_Badge(H)
496,Bread_5
497,Sausage_5
498,Meat_5
499,Condition_Recovery_Item
500,Condition_Recovery_Item
501,Power_Ring
502,Mana's_Ring
503,Physical_Strength_Ring
504,Life's_Ring
505,Dexterity_Ring
506,Magical_Ring
507,Power_Bracelet
508,Medal_Of_Guild
509,Medal_Of_Guild_Master
510,Mana's_Bracelet
511,Physical_Strength_Bracelet
512,Life's_Bracelet
513,Dexterity_Bracelet
514,Magical_Bracelet
515,Bracelet
516,Mana's_Pendent
517,Physical_Strength_Pendent
518,Life's_Pendent
519,Dexterity_Pendent
520,Magical_Pendent
521,Power_Pendent
522,Medal_Of_Kingdom
523,White_Lover_Ring
524,Orc_Emblem
525,Eye_Wax
526,Medal_Of_Guild_Chief1
527,Medal_Of_Guild_Chief2
528,Medal_Of_Guild_Chief3
529,Medal_Of_Guild_Chief1
530,Medal_Of_Guild_Chief2
531,Medal_Of_Guild_Chief3
532,Medal_Of_Guild1
533,Medal_Of_Guild2
534,Medal_Of_Guild3
535,Medal_Of_Kingdom1
536,Medal_Of_Kingdom2
537,Medal_Of_Kingdom3
540,Spirit_Stone
541,Spirit_Stone
542,Moon_Stone
543,Cape_Of_CruSader
544,Cape_Of_Shiner
545,Hekalotia_Cape
546,Akeronia_Cape
547,Kill_Mark
548,Cape_Of_Wanderer
549,Cape_Of_Adventurer
550,Monster_White_Cape
551,Silver_Amulet
552,Silver_Amulet
553,Silver_Amulet
554,Silver_Amulet
555,Gold_Amulet
556,Gold_Amulet
557,Gold_Amulet
558,Gold_Amulet
559,Mystic_Amulet
560,Mystic_Amulet
561,Mystic_Amulet
562,Crystal_Amulet
563,Crystal_Amulet
564,Crystal_Amulet
565,Crystal_Amulet
566,Crystal_Amulet
567,Arcane_Amulet
568,Arcane_Amulet
569,Arcane_Amulet
570,Arcane_Amulet
572,Campion's_Cape
573,Campion's_Cape
574,Campion's_Cape
575,Spinell_Ore
576,Beryl_Ore
577,Tektite_Ore
578,Adamantite_Ore
579,Final_Defensive_Weapon_Legend_Ore
591,Mana's_earing
592,Physical_Strength_
593,Dexterity_earing
594,Magical_earing
595,Power_earing
599,Fragrant_Pouch
600,Dumplings
601,Fire_Orb
602,Ice_Orb
603,Thunder_Orb
604,Holy_Orb
605,Magical_Pill
606,Magical_Pill
607,Magical_Pill
608,Eye_Of_Arger
609,Eye_Of_Exier
610,Eye_of_Lamu
611,Holy_Eye
612,Fire_Protecter
613,Ice_Protecter
614,Thunder_Protecter
615,Holy_Protecter
616,Wisdom_Pearl
617,Jusitce_Pearl
618,Victory_Pearl
619,Glory_Pearl
620,Boundless_Pearl
621,Wisdom_Pearl
622,Wisdom_Pearl
631,Spirit_Stone
632,Spirit_Stone
633,Spirit_Stone
634,
635,
636,
637,
640,Mana's_Necklace
641,Physical_Strength_Necklace
642,Magical_Necklace
643,Power_Necklace
646,Secret_Medicine_Of_Courage
647,Wonder_Drug_Of_Courage
649,736
650,736
651,Ruby_Of_Carbunkle
652,Ruby_Of_Carbunkle
653,Ruby_Of_Carbunkle
654,Necro_Stone
655,Necro_Stone
656,Necro_Stone
657,Ruby_Of_Friendship
658,Gem_Of_Siren
659,Gem_Of_Siren
660,Gem_Of_Siren
661,Justic_Ankh
662,Eternity_Ankh
663,Glory_Ankh
667,Conjure_Cannon
668,Thorn_Wall
669,Resurrect
670,Cancellation
671,Spectral_Force
680,Healing_Potion_5_Box(M)
681,Healing_Potion_10_Box(M)
682,Healing_Potion_20_Box(M)
683,Healing_Potion_5_Box(L)
684,Healing_Potion_10_Box(L)
685,Healing_Potion_20_Box(L)
686,Mana_Potion_5_Box
687,Mana_Potion_10_Box
688,Mana_Potion_20_Box
689,Mana_Potion_5_Box
690,Mana_Potion_10_Box
691,Mana_Potion_20_Box
692,Full_Divine_Circle_Piece
693,Pure_Full_Divine_Circle
694,Pure_Full_Divine_Circle
695,Pure_Full_Divine_Circle
696,Gold_Coin_Bundle
697,Sapphire
698,Gold_Coin_Bundle(L)
699,Warp_Scroll
700,Gem_Of_Lodestar
701,Carbunkle_Wand
702,Cyclops_Axe
703,Argos_Axe_Reservation
704,Argos_Discus
705,Halforc_Of_Axe
706,Orc_Warrior_Weapon
707,Hunter_Troll_Weapon
708,Carbunkle_Hire_Weapon
709,Cyclops_Weapon
710,Drad_Taurus_Weapon
711,Taurus_King
712,Town_Watcher_Cane
713,Fallen_Troll_Cane
714,Orc_Doctor_Cane
715,Argos_Axe
716,Cruel_Cyclops_Axe
717,Pollarm_Of_Taurus
718,Zakum_Hammar
719,Zakum_Axe
720,Zakum_Bow
721,Frog_Short_Sword
722,Frog_Long_Sword
723,Skeleton_Sword1
724,Skeleton_Sword2
725,Skeleton_Shield
726,Skeleton_Sickle
727,Skeleton_Spear
728,Dark_Knight_Axe
729,Elf_Bow
730,Bone_Axe
731,Blue_Gem_Staff
732,Eye_Of_Carbunkle
733,Gungnir
734,Cape_Of_CruSader
735,Cape_Of_Shiner
736,Hekalotia_Cape
737,Akeronia_Cape
738,Monster_Black_Cape
739,Jigder_Argos_Hammer
740,Dark_Elf_Knight_Sword
741,Dark_Elf_Abjurer_Cane
742,Dark_Elf_Abjurer_Shield
743,Undead_Troll_Chief_Spear
744,Demo_Gogon_Claw
745,Frenzy_Demon_Lord_Spear
746,Cannon
747,Atila's_Crown
748,Trant_Weapon
749,Taron_Archer_Bow
750,Christmas_Event
751,Dragon_Emblem
752,Phoenix_Emblem
753,Imp
754,Phoenix_Emblem
755,Phoenix_Emblem
756,Phoenix_Emblem
757,Two_Castle_Gate
758,First_Gate
759,Second_Gate
760,Third_Gate
761,Fourth_Gate
762,Neptune
763,Uranus
764,Venus
765,Mars
766,Saturn
767,Mercury
768,Jupiter
769,Naiads
770,Mandragora's_Leaf
771,Naiads'_Heart
772,Darkness_Jewelry
773,Castle_Gate
774,Master_Switch_Stone
775,Slave_Switch_Stone
776,Warp_Scroll_10
777,Water_Scroll(Mystic)LV1
778,Water_Scroll(Mystic)LV2
779,Water_Scroll(Mystic)LV3
780,Water_Scroll(Mystic)LV4
781,Water_Scroll(Mystic)LV5
782,Water_Scroll(Mystic)LV6
783,Water_Scroll(Mystic)LV7
784,Water_Scroll(Mystic)LV8
785,Nesses's_Summon_Letter(Mystic)
786,HP_Double_Item(Monster)
787,Kappa_Potion
788,Continent_Map_Piece
789,Continent_Map_Piece
790,Continent_Map_Piece
791,Continent_Map_Piece
792,Continent_Map_Piece
793,Continent_Map_Piece
794,0
795,0
796,0
797,0
798,0
799,0
800,Castle_Gate
801,Club
802,Hand_Axe
803,Spike_Club
804,Mace
805,Craiker
806,Double_Axe
807,Gothic_Mace
808,Mithril_Hammer
809,Dragon_Hammer
810,Slayer_Hammer
811,Thron_Of_Axe
816,Small_Bow
817,Wooden_Bow
818,Large_Bow
819,Battle_Bow
820,Daiging_Bow
821,Speed_Of_Light_Bow
822,Mithril_Bow
823,Hydra_Bow
824,Elven_Bow
825,Heaven's_Bow
826,Thron_Of_Isis
831,Bagnow
832,Knuckle_Cutter
833,Claw
834,Sharp_Claw
835,Kamairah_Knife
836,Darkness_Claw
837,Hidden_Spear
838,Assasain_Knife
839,Behemoth_Tusk
840,Talon_Of_Dragon
841,Thron_Of_Kairas
846,Short_Spear
847,Glaive
848,Winged_Spear
849,Lance
850,Fauchard
851,Trident
852,Panaka
853,Brionac
854,Gungnir
855,Victory's_Spear
856,Thron_Of_Garve
861,Dagger
862,Short_Sword
863,Steel_Leto
864,Rapier
865,Scimitar
866,Cross_Sword
867,Gladius
868,Soul_Blade
869,Gram
870,Bhopal_Sword
871,Thron_Of_Shard
876,Dart
877,Throwing_Axe
878,Snake_Pricle
879,Cutting_Boomerang
880,Tomahawk
881,Chakram
882,Shamire
883,Astaroth_Knife
884,Lightening_Spear
885,Holy_Cross
886,Thron_Of_Deimos
891,Wooden_Cane
892,War_Rod
893,Cutter_Staff
894,Gem_Staff
895,Silent_Staff
896,Falcon_Rod
897,Saint's_Cane
898,Wing_Rod
899,Eye_Of_Carbunkle
900,Kerykeion
901,Blue_Gem_Staff
902,Amber_Gem_Staff
903,Thron_Of_Zen_Staff
904,Thron_Of_Rune_Staff
906,Long_Sword
907,Bastard_Sword
908,Brode_Sword
909,Double_Blade
910,Prominence_Edge
911,Kaladbolg
912,Thron_Of_Breaker
916,Doom_Axe
917,Cuttluss
918,Magic_Cane
919,Mortal_Rod
920,Hunting_Spear
921,Three_Tine_Claw
922,Jaebline
923,Ash_Bow
931,Hammer
932,War_Hammer
933,Battle_Axe
934,Great_Axe
935,Psychic_Hammer
936,Mjollnir
937,Thron_Of_Hell_Hammer
938,Rock_Hammer
939,Froggy_Sword
940,Orc_Staff
941,Side_Of_Mage
942,Crecent_Of_Argos
943,Skull_Bow
944,Pollarm_Of_Taurus
945,Froggy_Blade
946,Orc_Knight_Axe
947,Troll_Hammer
948,Half_Orc_Axe
949,Troll_Axe
950,Orc_Arrow
951,Steel_Letto
952,Raypier
953,Scimitar
954,Cross_Sword
955,Gladius
956,Long_Sword
957,Bastard_Sword
958,Brode_Sword
959,Double_Blade
960,Prominence_Edge
961,Spike_Club
962,Mace
963,Craika
964,Double_Axe
965,Gothic_Mace
966,Hammer
967,War_Hammer
968,Battel_Axe
969,Great_Axe
970,Psychic_Hammer
971,Large_Bow
972,Battle_Bow
973,Daising_Bow
974,Speed_Of_Light_Bow
975,Mithril_Bow
976,Cutter_Staff
977,Gem_Staff
978,Silent_Staff
979,Falcon_Rod
980,Saint's_Cane
981,Claw
982,Sharp_Claw
983,Chimaera_Knife
984,Darkness_Claw
985,Hidden_Spear
986,Winged_Spear
987,Lance
988,Pochard
989,Trident
990,Panaka
991,Snake_Fricle
992,Cutting_Boomerang
993,Tomahawk
994,Chakram
995,Shamire
996,Santa_Carbunkle_Wand
1101,Leather_Helmet(Normal)
1102,Leather_Helmet(Mystic)
1103,Leather_Helmet(Arcane)
1104,Hard_Leather_Helmet(Normal)
1105,Hard_Leather_Helmet(Mystic)
1106,Hard_Leather_Helmet(Arcane)
1107,Sturdy_Leather_Helmet(Normal)
1108,Sturdy_Leather_Helmet(Mystic)
1109,Sturdy_Leather_Helmet(Arcane)
1110,Chain_Helmet(Normal)
1111,Chain_Helmet(Mystic)
1112,Chain_Helmet(Arcane)
1113,Leather_Breastplate(Normal)
1114,Leather_Breastplate(Mystic)
1115,Leather_Breastplate(Arcane)
1116,Hard_Leather_Breastplate(Normal)
1117,Hard_Leather_Breastplate(Mystic)
1118,Hard_Leather_Breastplate(Arcane)
1119,Sturdy_Leather_Breastplate(Normal)
1120,Sturdy_Leather_Breastplate(Mystic)
1121,Sturdy_Leather_Breastplate(Arcane)
1122,Chain_Breastplate(Normal)
1123,Chain_Breastplate(Mystic)
1124,Chain_Breastplate(Arcane)
1125,Leather_Pants(Normal)
1126,Leather_Pants(Mystic)
1127,Leather_Pants(Arcane)
1128,Hard_Leather_Pants(Normal)
1129,Hard_Leather_Pants(Mystic)
1130,Hard_Leather_Pants(Arcane)
1131,Sturdy_Leather_Pants(Normal)
1132,Sturdy_Leather_Pants(Mystic)
1133,Sturdy_Leather_Pants(Arcane)
1134,Chain_Pants(Normal)
1135,Chain_Pants(Mystic)
1136,Chain_Pants(Arcane)
1137,Leather_Gloves(Normal)
1138,Leather_Gloves(Mystic)
1139,Leather_Gloves(Arcane)
1140,Hard_Leather_Gloves(Normal)
1141,Hard_Leather_Gloves(Mystic)
1142,Hard_Leather_Gloves(Arcane)
1143,Sturdy_Leather_Gloves(Normal)
1144,Sturdy_Leather_Gloves(Mystic)
1145,Sturdy_Leather_Gloves(Arcane)
1146,Chain_Gloves(Normal)
1147,Chain_Gloves(Mystic)
1148,Chain_Gloves(Arcane)
1149,Leather_Boots(Normal)
1150,Leather_Boots(Mystic)
1151,Leather_Boots(Arcane)
1152,Hard_Leather_Boots(Normal)
1153,Hard_Leather_Boots(Mystic)
1154,Hard_Leather_Boots(Arcane)
1155,Sturdy_Leather_Boots(Normal)
1156,Sturdy_Leather_Boots(Mystic)
1157,Sturdy_Leather_Boots(Arcane)
1158,Chain_Boots(Normal)
1159,Chain_Boots(Mystic)
1160,Chain_Boots(Arcane)
1161,Plate_Helmet(Normal)
1162,Plate_Helmet(Mystic)
1163,Plate_Helmet(Arcane)
1164,Plate_Breastplate(Normal)
1165,Plate_Breastplate(Mystic)
1166,Plate_Breastplate(Arcane)
1167,Plate_Pants(Normal)
1168,Plate_Pants(Mystic)
1169,Plate_Pants(Arcane)
1170,Plate_Gloves(Normal)
1171,Plate_Gloves(Mystic)
1172,Plate_Gloves(Arcane)
1173,Plate_Boots(Normal)
1174,Plate_Boots(Mystic)
1175,Plate_Boots(Arcane)
1176,Golden_Plate_Helmet(Normal)
1177,Golden_Plate_Helmet(Mystic)
1178,Golden_Plate_Helmet(Arcane)
1179,Golden_Plate_Breastplate(Normal)
1180,Golden_Plate_Breastplate(Mystic)
1181,Golden_Plate_Breastplate(Arcane)
1182,Golden_Plate_Pants(Normal)
1183,Golden_Plate_Pants_(Mystic)
1184,Golden_Plate_Pants(Arcane)
1185,Golden_Plate_Gloves(Normal)
1186,Golden_Plate_Gloves(Mystic)
1187,Golden_Plate_Gloves(Arcane)
1188,Golden_Plate_Boots(Normal)
1189,Golden_Plate_Boots(Mystic)
1190,Golden_Plate_Boots(Arcane)
1191,Dwarfen_Plate_Helmet(Normal)
1192,Dwarfen_Plate_Helmet(Mystic)
1193,Dwarfen_Plate_Helmet(Arcane)
1194,Dwarfen_Plate_Breastplate(Normal)
1195,Dwarfen_Plate_Breastplate(Mystic)
1196,Dwarfen_Plate_Breastplate(Arcane)
1197,Dwarfen_Plate_Pants(Normal)
1198,Dwarfen_Plate_Pants(Mystic)
1199,Dwarfen_Plate_Pants(Arcane)
1200,Dwarfen_Plate_Gloves(Normal)
1201,Dwarfen_Plate_Gloves(Mystic)
1202,Dwarfen_Plate_Gloves(Arcane)
1203,Dwarfen_Plate_Boots(Normal)
1204,Dwarfen_Plate_Boots(Mystic)
1205,Dwarfen_Plate_Boots(Arcane)
1206,Golden_Embersed_Helmet(Normal)
1207,Golden_Embersed_Helmet(Mystic)
1208,Golden_Embersed_Helmet(Arcane)
1209,Golden_Embersed_Breastplate(Normal)
1210,Golden_Embersed_Breastplate(Mystic)
1211,Golden_Embersed_Breastplate(Arcane)
1212,Golden_Embersed_Pants(Normal)
1213,Golden_Embersed_Pants(Mystic)
1214,Golden_Embersed_Pants(Arcane)
1215,Golden_Embersed_Gloves(Normal)
1216,Golden_Embersed_Gloves(Mysticl)
1217,Golden_Embersed_Gloves(Arcane)
1218,Golden_Embersed_Boots(Normal)
1219,Golden_Embersed_Boots(Mystic)
1220,Golden_Embersed_Boots(Arcane)
1221,Initiate_Breastplate
1222,Initiate_Pants
1223,Initiate_Gloves
1224,Initiate_Boots
1225,Slayer_Helmet
1226,Slayer_Breastplate
1227,Slayer_Pants
1228,Slayer_Gloves
1229,Slayer_Boots
1251,Stole_Hood(Normal)
1252,Stole_Hood(Mystic)
1253,Stole_Hood(Arcane)
1254,Silk_Cloth_Hood(Normal)
1255,Silk_Cloth_Hood(Mystic)
1256,Silk_Cloth_Hood(Arcane)
1257,Vampire_Robe_Helmet(Normal)
1258,Vampire_Robe_Helmet(Mystic)
1259,Vampire_Robe_Helmet(Arcane)
1260,Shadow_Robe_Helmet(Normal)
1261,Shadow_Robe_Helmet(Mystic)
1262,Shadow_Robe_Helmet(Arcane)
1263,Stole_Tunic(Normal)
1264,Stole_Tunic(Mystic)
1265,Stole_Tunic(Arcane)
1266,Silk_Cloth_Tunic(Normal)
1267,Silk_Cloth_Tunic(Mystic)
1268,Silk_Cloth_Tunic(Arcane)
1269,Vampire_Robe_Tunic(Normal)
1270,Vampire_Robe_Tunic(Mystic)
1271,Vampire_Robe_Tunic(Arcane)
1272,Shadow_Robe_Tunic(Normal)
1273,Shadow_Robe_Tunic(Mystic)
1274,Shadow_Robe_Tunic(Arcane)
1275,Stole_Skirt(Normal)
1276,Stole_Skirt(Mystic)
1277,Stole_Skirt(Arcane)
1278,Silk_Cloth_Skirt(Normal)
1279,Silk_Cloth_Skirt(Mystic)
1280,Silk_Cloth_Skirt(Arcane)
1281,Vampire_Rove_Skirt(Normal)
1282,Vampire_Rove_Skirt(Mystic)
1283,Vampire_Rove_Skirt(Arcane)
1284,Shadow_Robe_Skirt(Normal)
1285,Shadow_Robe_Skirt(Mystic)
1286,Shadow_Robe_Skirt(Arcane)
1287,Stole_Gloves(Normal)
1288,Stole_Gloves(Mystic)
1289,Stole_Gloves(Arcane)
1290,Silk_Cloth_Gloves(Normal)
1291,Silk_Cloth_Gloves(Mystic)
1292,Silk_Cloth_Gloves(Arcane)
1293,Vampire_rove_Gloves(Normal)
1294,Vampire_rove_Gloves(Mystic)
1295,Vampire_rove_Gloves(Arcane)
1296,Shadow_Robe_Gloves(Normal)
1297,Shadow_Robe_Gloves(Mystic)
1298,Shadow_Robe_Gloves(Arcane)
1299,Stole_Boots(Normal)
1300,Stole_Boots(Mystic)
1301,Stole_Boots(Arcane)
1302,Silk_Cloth_Boots(Normal)
1303,Silk_Cloth_Boots(Mysticl)
1304,Silk_Cloth_Boots(Arcane)
1305,Vampire_Robe_Boots(Normal)
1306,Vampire_Robe_Boots(Mystic)
1307,Vampire_Robe_Boots(Arcane)
1308,Shadow_Robe_Boots(Normal)
1309,Shadow_Robe_Boots(Mystic)
1310,Shadow_Robe_Boots(Arcane)
1311,Shell_Robe_Helmet(Normal)
1312,Shell_Robe_Helmet(Mystic)
1313,Shell_Robe_Helmet(Arcane)
1314,Shell_Robe_tunic(Normal)
1315,Shell_Robe_Tunic(Mysticl)
1316,Shell_Robe_Tunic(Arcane)
1317,Shell_Robe_Skirt(Normal)
1318,Shell_Robe_Skirt(Mystic)
1319,Shell_Robe_Skirt(Arcane)
1320,Shell_Robe_Gloves(Normal)
1321,Shell_Robe_Gloves(Mystic)
1322,Shell_Robe_Gloves(Arcane)
1323,Shell_Robe_Boots(Normal)
1324,Shell_Robe_Boots(Mystic)
1325,Shell_Robe_Boots(Arcane)
1326,Casting_Robe_Helmet(Normal)
1327,Casting_Robe_Helmet(Mystic)
1328,Casting_Robe_Helmet(Arcane)
1329,Casting_Robe_Tunic(Normal)
1330,Casting_Robe_Tunic(Mystic)
1331,Casting_Robe_Tunic(Arcane)
1332,Casting_Robe_Pants(Normal)
1333,Casting_Robe_Pants(Mystic)
1334,Casting_Robe_Pants(Arcane)
1335,Casting_Robe_Gloves(Normal)
1336,Casting_Robe_Gloves(Mystic)
1337,Casting_Robe_Gloves(Arcane)
1338,Casting_Robe_Boots(Normal)
1339,Casting_Robe_Boots(Mystic)
1340,Casting_Robe_Boots(Arcane)
1341,Mithril_Robe_Helmet(Normal)
1342,Mithril_Robe_Helmet(Mystic)
1343,Mithril_Robe_Helmet(Arcane)
1344,Mithril_Robe_Tunic(Normal)
1345,Mithril_Robe_Tunic(Mystic)
1346,Mithril_Robe_Tunic(Arcane)
1347,Mithril_Robe_Pants(Normal)
1348,Mithril_Robe_Pants(Mystic)
1349,Mithril_Robe_Pants(Arcane)
1350,Mithril_Robe_Gloves(Normal)
1351,Mithril_Robe_Gloves(Mystic)
1352,Mithril_Robe_Gloves(Arcane)
1353,Mithril_Robe_Boots(Normal)
1354,Mithril_Robe_Boots(Mystic)
1355,Mithril_Robe_Boots(Arcane)
1356,Guardian_Scale_Tunic
1357,Guardian_Scale_Pants
1358,Guardian_Scale_Gloves
1359,Guardian_Scale_Boots
1360,Templess_Helmet
1361,Templess_Tunic
1362,Templess_Pants
1363,Templess_Gloves
1364,Templess_Boots
1401,Light_Pelt_Helmet(Normal)
1402,Light_Pelt_Helmet(Mystic)
1403,Light_Pelt_Helmet(Arcane)
1404,Light_Pelt_Breastplate(Normal)
1405,Light_Pelt_Breastplate(Mystic)
1406,Light_Pelt_Breastplate(Arcane)
1407,Light_Pelt_Pants(Normal)
1408,Light_Pelt_Pants(Mystic)
1409,Light_Pelt_Pants(Arcane)
1410,Light_Pelt_Gloves(Normal)
1411,Light_Pelt_Gloves(Mystic)
1412,Light_Pelt_Gloves(Arcane)
1413,Light_Pelt_Boots(Normal)
1414,Light_Pelt_Boots(Mystic)
1415,Light_Pelt_Boots(Arcane)
1416,Wolf_Spirit_Pelt_Helmet(Normal)
1417,Wolf_Spirit_Pelt_Helmet(Mystic)
1418,Wolf_Spirit_Pelt_Helmet(Arcane)
1419,Wolf_Spirit_Pelt_Breastplate(Normal)
1420,Wolf_Spirit_Pelt_Breastplate(Mystic)
1421,Wolf_Spirit_Pelt_Breastplate(Arcane)
1422,Wolf_Spirit_Pelt_Pants(Normal)
1423,Wolf_Spirit_Pelt_Pants(Mystic)
1424,Wolf_Spirit_Pelt_Pants(Arcane)
1425,Wolf_Spirit_Pelt_Gloves(Normal)
1426,Wolf_Spirit_Pelt_Gloves(Mystic)
1427,Wolf_Spirit_Pelt_Gloves(Arcane)
1428,Wolf_Spirit_Pelt_Boots(Normal)
1429,Wolf_Spirit_Pelt_Boots(Mystic)
1430,Wolf_Spirit_Pelt_Boots(Arcane)
1431,Leo_Spirit_Pelt_Helmet(Normal)
1432,Leo_Spirit_Pelt_Helmet(Mystic)
1433,Leo_Spirit_Pelt_Helmet(Arcane)
1434,Leo_Spirit_Pelt_Breastplate(Normal)
1435,Leo_Spirit_Pelt_Breastplate(Mystic)
1436,Leo_Spirit_Pelt_Breastplate(Arcane)
1437,Leo_Spirit_Pelt_Pants(Normal)
1438,Leo_Spirit_Pelt_Pants(Mystic)
1439,Leo_Spirit_Pelt_Pants(Arcane)
1440,Leo_Spirit_Pelt_Gloves(Normal)
1441,Leo_Spirit_Pelt_Gloves(Mystic)
1442,Leo_Spirit_Pelt_Gloves(Arcane)
1443,Leo_Spirit_Pelt_Boots(Normal)
1444,Leo_Spirit_Pelt_Boots(Mystic)
1445,Leo_Spirit_Pelt_Boots(Arcane)
1446,Eagle_Spirit_Pelt_Helmet(Normal)
1447,Eagle_Spirit_Pelt_Helmet(Mystic)
1448,Eagle_Spirit_Pelt_Helmet(Arcane)
1449,Eagle_Spirit_Pelt_Breastplate(Normal)
1450,Eagle_Spirit_Pelt_Breastplate(Mystic)
1451,Eagle_Spirit_Pelt_Breastplate(Arcane)
1452,Eagle_Spirit_Pelt_Pants(Normal)
1453,Eagle_Spirit_Pelt_Pants(Mystic)
1454,Eagle_Spirit_Pelt_Pants(Arcane)
1455,Eagle_Spirit_Pelt_Gloves(Normal)
1456,Eagle_Spirit_Pelt_Gloves(Mystic)
1457,Eagle_Spirit_Pelt_Gloves(Arcane)
1458,Eagle_Spirit_Pelt_Boots(Normal)
1459,Eagle_Spirit_Pelt_Boots(Mystic)
1460,Eagle_Spirit_Pelt_Boots(Arcane)
1461,Bone_Spirit_Helmet(Normal)
1462,Bone_Spirit_Helmet(Mystic)
1463,Bone_Spirit_Helmet(Arcane)
1464,Bone_Spirit_Breastplate(Normal)
1465,Bone_Spirit_Breastplate(Mystic)
1466,Bone_Spirit_Breastplate(Arcane)
1467,Bone_Spirit_Pants(Normal)
1468,Bone_Spirit_Pants(Mystic)
1469,Bone_Spirit_Pants(Arcane)
1470,Bone_Spirit_Gloves(Normal)
1471,Bone_Spirit_Gloves(Mystic)
1472,Bone_Spirit_Gloves(Arcane)
1473,Bone_Spirit_Boots(Normal)
1474,Bone_Spirit_Boots(Mystic)
1475,Bone_Spirit_Boots(Arcane)
1476,Iron_Helmet(Normal)
1477,Iron_Helmet(Mystic)
1478,Iron_Helmet(Arcane)
1479,Iron_Breastplate(Normal)
1480,Iron_Breastplate(Mystic)
1481,Iron_Breastplate(Arcane)
1482,Iron_Pants(Normal)
1483,Iron_Pants(Mystic)
1484,Iron_Pants(Arcane)
1485,Iron_Gloves(Normal)
1486,Iron_Gloves(Mystic)
1487,Iron_Glvoes(Arcane)
1488,Iron_Boots(Normal)
1489,Iron_Boots(Mystic)
1490,Iron_Boots(Arcane)
1491,Meta_Elemental_Helmet(Normal)
1492,Meta_Elemental_Helmet(Mystic)
1493,Meta_Elemental_Helmet(Arcane)
1494,Meta_Elemental_Breastplate(Normal)
1495,Meta_Elemental_Breastplate(Mystic)
1496,Meta_Elemental_Breastplate(Arcane)
1497,Meta_Elemental_Pants(Normal)
1498,Meta_Elemental_Pants(Mystic)
1499,Meta_Elemental_Pants(Arcane)
1500,Meta_Elemental_Gloves(Normal)
1501,Meta_Elemental_Gloves(Mystic)
1502,Meta_Elemental_Gloves(Arcane)
1503,Meta_Elemental_Boots(Normal)
1504,Meta_Elemental_Boots(Mystic)
1505,Meta_Elemental_Boots(Arcane)
1506,Distraction_Breastplate
1507,Distraction_Pants
1508,Distraction_Gloves
1509,Distraction_Boots
1510,Raven_Helmet
1511,Raven_Breastplate
1512,Raven_Pants
1513,Raven_Gloves
1514,Raven_Boots
1551,Pated_Cap(Normal)
1552,Pated_Cap(Mystic)
1553,Pated_Cap(Arcane)
1554,Pated_Jacket(Normal)
1555,Pated_Jacket(Mystic)
1556,Pated_Jacket(Arcane)
1557,Pated_Pants(Normal)
1558,Pated_Pants(Mystic)
1559,Pated_Pants(Arcane)
1560,Pated_Brace(Normal)
1561,Pated_Brace(Mystic)
1562,Pated_Brace(Arcane)
1563,Pated_Boots(Normal)
1564,Pated_Boots(Mystic)
1565,Pated_Boots(Arcane)
1566,Splint_Cap(Normal)
1567,Splint_Cap(Mystic)
1568,Splint_Cap(Arcane)
1569,Splint_Breast(Normal)
1570,Splint_Breast(Mystic)
1571,Splint_Breast(Arcane)
1572,Splint_Pants(Normal)
1573,Splint_Pants(Mystic)
1574,Splint_Pants(Arcane)
1575,Splint_Brace(Normal)
1576,Splint_Brace(Mystic)
1577,Splint_Brace(Arcane)
1578,Splint_Boots(Normal)
1579,Splint_Boots(Mystic)
1580,Splint_Boots(Arcane)
1581,Bandage_Cap(Normal)
1582,Bandage_Cap(Mystic)
1583,Bandage_Cap(Arcane)
1584,Bandage_Breast(Normal)
1585,Bandage_Breast(Mystic)
1586,Bandage_Breast(Arcane)
1587,Bandage_Pants(Normal)
1588,Bandage_Pants(Mystic)
1589,Bandage_Pants(Arcane)
1590,Bandage_Brace(Normal)
1591,Bandage_Brace(Mysticl)
1592,Bandage_Brace(Arcane)
1593,Bandage_Boots(Normal)
1594,Bandage_Boots(Mystic)
1595,Bandage_Boots(Arcane)
1596,Brigandine_Cap(Normal)
1597,Brigandine_Cap(Mystic)
1598,Brigandine_Cap(Arcane)
1599,Brigandine_Breast(Normal)
1600,Brigandine_Breast(Mystic)
1601,Brigandine_Breast(Arcane)
1602,Brigandine_Pants(Normal)
1603,Brigandine_Pants(Mystic)
1604,Brigandine_Pants(Arcane)
1605,Brigandine_Brace(Normal)
1606,Brigandine_Brace(Mystic)
1607,Brigandine_Brace(Arcane)
1608,Brigandine_Boots(Normal)
1609,Brigandine_Boots(Mystic)
1610,Brigandine_Boots(Arcane)
1611,Field_Combat_Cap(Normal)
1612,Field_Combat_Cap(Mystic)
1613,Field_Combat_Cap(Arcane)
1614,Field_Combat_Breast(Normal)
1615,Field_Combat_Breast(Mystic)
1616,Field_Combat_Breast(Arcane)
1617,Field_Combat_Pants(Normal)
1618,Field_Combat_Pants(Mystic)
1619,Field_Combat_Pants(Arcane)
1620,Field_Combat_Brace(Normal)
1621,Field_Combat_Brace(Mystic)
1622,Field_Combat_Brace(Arcane)
1623,Field_Combat_Boots(Normal)
1624,Field_Combat_Boots(Mystic)
1625,Field_Combat_Boots(Arcane)
1626,Nature_Cap(Normal)
1627,Nature_Cap(Mystic)
1628,Nature_Cap(Arcane)
1629,Nature_Breast(Normal)
1630,Nature_Breast(Mystic)
1631,Nature_Breast(Arcane)
1632,Nature_Pants(Normal)
1633,Nature_Pants(Mystic)
1634,Nature_Pants(Arcane)
1635,Nature_Brace(Normal)
1636,Nature_Brace(Mystic)
1637,Nature_Brace(Arcane)
1638,Nature_Boots(Normal)
1639,Nature_Boots(Mystic)
1640,Nature_Boots(Arcane)
1641,Gold_Curve_Web_Cap(Normal)
1642,Gold_Curve_Web_Cap(Mystic)
1643,Gold_Curve_Web_Cap(Arcane)
1644,Gold_Curve_Web_Breast(Normal)
1645,Gold_Curve_Web_Breast(Mystic)
1646,Gold_Curve_Web_Breast(Arcane)
1647,Gold_Curve_Web_Pants(Normal)
1648,Gold_Curve_Web_Pants(Mystic)
1649,Gold_Curve_Web_Pants(Arcane)
1650,Gold_Curve_Web_Brace(Normal)
1651,Gold_Curve_Web_Brace(Mystic)
1652,Gold_Curve_Web_Brace(Arcane)
1653,Gold_Curve_Web_Boots(Normal)
1654,Gold_Curve_Web_Boots(Mystic)
1655,Gold_Curve_Web_Boots(Arcane)
1656,Rake_Breast
1657,Rake_Pants
1658,Rake_Brace
1659,Rake_Boots
1660,Region_Cap
1661,Region_Breast
1662,Region_Pants
1663,Region_Brace
1664,Region_Boots
1701,Wood_Shield
1702,Buckler
1703,Aspiece
1704,Kite_Shield
1705,Large_Shield
1706,Knight_Shield
1707,Bronze_Shield
1708,Tower_Shield
1709,Aegis
1710,Rune_Shield
1711,Thron_Of_Hoplon
1712,Guardian_Shield
1720,Cape_Of_Darkness
1721,Snowball
1722,Twig
1723,Straw
1724,Hat
1725,Carrot
1726,Grewpain
1727,Christmas_Tree
1728,Firecracker
1729,Money_Envelop(Taiwan)
1730,Money_Envelop(China)
1731,Challenge(Arcane)
1732,Voucher_Courage
1733,Rune_Slate
1734,Rune_Slate
1735,Rune_Slate
1736,Rune_Slate
1737,Entrance_Ticket
1738,Lover's_Seat
1739,Love_Chocolate
1740,Unicon's_Spirit
1741,Phoenix's_Spirit
1742,Eternal_Stone
1744,Kocuna
1745,Veean
1746,Keced
1747,Gebra
1748,Tipalet
1749,Nechark
1750,Yesord
1751,Marcute
1752,Orc_Lord_Trooper_Ore
1753,Skelton_Warrior_Ore
1754,Bone_Dragon_Ore
1755,Demon_Lord_Ore
1756,Man_Trap_Ore
1757,Fire_Gargoyle_Ore
1758,Rujeper_Brocken_Ore
1759,Frenzy_Demon_Ore
1760,Sefirot(Transknight)
1761,Sefirot(Foema)
1762,Sefirot(Beastmaster)
1763,Sefirot(Hunter)
1764,Competent_Potion
1765,Mental_Potion
1766,Cape_Of_Champion
1767,Cape_Of_Champion
1768,Cape_Of_Champion
1769,Cape_Of_Champion
1770,Cape_Of_Champion
1771,Cape_Of_Champion
1772,Cube_Invitation_Card(Normal)
1773,Apple
1774,Wise_Man's_Stone
1775,11_Refine_Item
1776,12_Refine_Item
1801,Leather_Helmet(Arcane)
1802,Hard_Leather_Helmet(Arcane)
1803,Sturdy_Skin_Helmet(Arcane)
1804,Chain_Helmet(Arcane)
1805,Leather_Breastplate(Arcane)
1806,Hard_Leather_Breastplate(Arcane)
1807,Sturdy_Leather(Arcane)
1808,Chain_Breastplate(Arcane)
1809,Leather_Pants(Arcane)
1810,Hard_Leather_Pants(Arcane)
1811,Sturdy_Leather_Pants(Arcane)
1812,Chain_Pants(Arcane)
1813,Leather_Gloves(Arcane)
1814,Hard_Leather_Gloves(Arcane)
1815,Sturdy_Leather_Gloves(Arcane)
1816,Chain_Gloves(Arcane)
1817,Leather_Boots(Arcane)
1818,Hard_Leather_Boots(Arcane)
1819,Sturdy_Leather_Boots(Arcane)
1820,Chain_Boots(Arcane)
1821,Stole_Hood(Arcane)
1822,Silk_Cloth_Hood(Arcane)
1823,Vampire_Robe_Helmet(Arcane)
1824,Shadow_Robe_Helmet(Arcane)
1825,Stole_Tunic(Arcane)
1826,Silk_Cloth_Tunic(Arcane)
1827,Vampire_Robe_Tunic(Arcane)
1828,Shadow_Robe_Tunic(Arcane)
1829,Stole_Skirt(Arcane)
1830,Silk_Cloth_Skirt(Arcane)
1831,Vampire_Robe_Skirt(Arcane)
1832,Shadow_Robe_Skirt(Arcane)
1833,Stole_Gloves(Arcane)
1834,Silk_Cloth_Gloves(Arcane)
1835,Vampire_Robe_Gloves(Arcane)
1836,Shadow_Robe_Gloves(Arcane)
1837,Stole_Boots(Arcane)
1838,Silk_Cloth_Boots(Arcane)
1839,Vampire_Robe_Boots(Arcane)
1840,Shadow_Robe_Boots(Arcane)
1841,Sturdy_Leather_Helmet(Normal)
1842,Chain_Helmet(Arcane)
1843,Sturdy_Leather_Breastplate(Normal)
1844,Chain_Breastplate(Arcane)
1845,Sturdy_Leather_Pants(Normal)
1846,Chain_Helmet(Arcane)
1847,Sturdy_Leather_Gloves(Normal)
1848,Chain_Helmet(Arcane)
1849,Sturdy_Leather_Boots(Normal)
1850,Chain_Boots(Arcane)
1851,Vampire_Robe_Helmet(Normal)
1852,Shadow_Robe_Helmet(Normal)
1853,Vampire_Robe_Tunic(Normal)
1854,Shadow_Robe_Tunic(Normal)
1855,Vampire_Robe_Skirt(Normal)
1856,Shadow_Robe_Skirt(Normal)
1857,Vampire_Robe_Gloves(Normal)
1858,Shadow_Robe_Gloves(Normal)
1859,Vampire_Robe_Boots(Normal)
1860,Shadow_Robe_Boots(Normal)
1861,Plate_Helmet(Arcane)
1862,Plate_Breastplate(Arcane)
1863,Plate_Pants(Arcane)
1864,Plate_Gloves(Arcane)
1865,Plate_Boots(Arcane)
1866,Plate_Helmet(Mystic)
1867,Plate_Breastplate(Mystic)
1868,Plate_Pants(Mystic)
1869,Plate_Gloves(Mystic)
1870,Plate_Boots(Mystic)
1871,Golden_Plate_Helmet(Arcane)
1872,Golden_Plate_Breastplate(Arcane)
1873,Golden_Plate_Pants(Arcane)
1874,Golden_Plate_Gloves(Arcane)
1875,Golden_Plate_Boots(Arcane)
1876,Golden_Plate_Helmet(Mystic)
1877,Golden_Plate_Breastplate(Mystic)
1878,Golden_Plate_Pants(Mystic)
1879,Golden_Plate_Gloves(Mystic)
1880,Golden_Plate_Boots(Mystic)
1881,Shell_Robe_Helmet(Arcane)
1882,Shell_Robe_Tunic(Arcane)
1883,Shell_Robe_Skirt(Arcane)
1884,Shell_Robe_Gloves(Arcane)
1885,Shell_Robe_Boots(Arcane)
1886,Shell_Robe_Helmet(Mystic)
1887,Shell_Robe_Tunic(Mystic)
1888,Shell_Robe_Skirt(Mystic)
1889,Shell_Robe_Gloves(Mystic)
1890,Shell_Robe_Boots(Mystic)
1891,Casting_Robe_Helmet(Arcane)
1892,Casting_Robe_Tunic(Arcane)
1893,Casting_Robe_Pants(Arcane)
1894,Casting_Robe_Gloves(Arcane)
1895,Casting_Robe_Boots(Arcane)
1896,Casting_Robe_Helmet(Mystic)
1897,Casting_Robe_Tunic(Mystic)
1898,Casting_Robe_Pants(Mystic)
1899,Casting_Robe_Gloves(Mystic)
1900,Casting_Robe_Boots(Mystic)
1901,867
1902,826
1903,805
1904,816
1905,818
1906,819
1907,880
1908,882
1909,883
1910,831
1911,839
1912,841
1913,Javelin1
1914,Javelin2
1915,Watcher_Shield
1916,Remain_Shield
1921,Iron_Taron_Weapon
1922,Taron_Weapon
1923,Mighty_Talross_Weapon
1924,Batman_Weapon
1925,Lich_Side
1926,Lich_Staff
1927,Berserker_One_Hand_Axe
1928,Berserker_One_Hand_Shield
1929,Valkyrie's_Sword
1930,Templer_Sword
1931,Sorcerer_Cane
1932,Shaman_Spear
1933,Ranger_Bow
1934,Kalintsman_Claw
1935,Frozen_Troll_Weapon
1936,HP_10_Times_Item(Monster)
1937,HP_20_Times_Item(Monster)
1951,Light_Pelt_Helmet(Arcane)
1952,Light_Pelt_Breastplate(Arcane)
1953,Light_Pelt_Pants(Arcane)
1954,Light_Pelt_Gloves(Arcane)
1955,Light_Pelt_Boots(Arcane)
1956,Wolf_Spirit_Pelt_Helmet(Arcane)
1957,Wolf_Spirit_Pelt_Breastplate(Arcane)
1958,Wolf_Spirit_Pelt_Pants(Arcane)
1959,Wolf_Spirit_Pelt_Gloves(Arcane)
1960,Wolf_Spirit_Pelt_Boots(Arcane)
1961,Leo_Spirit_Pelt_Helmet(Arcane)
1962,Leo_Spirit_Pelt_Breastplate(Arcane)
1963,Leo_Spirit_Pelt_Pants(Arcane)
1964,Leo_Spirit_Pelt_Gloves(Arcane)
1965,Leo_Spirit_Pelt_Boots(Arcane)
1966,Eagle_Spirit_Pelt_Helmet(Arcane)
1967,Eagle_Spirit_Pelt_Breastplate(Arcane)
1968,Eagle_Spirit_Pelt_Pants(Arcane)
1969,Eagle_Spirit_Pelt_Gloves(Arcane)
1970,Eagle_Spirit_Pelt_Boots(Arcane)
1971,Bone_Spirit_Pelt_Helmet(Arcane)
1972,Bone_Spirit_Pelt_Breastplate(Arcane)
1973,Bone_Spirit_Pelt_Pants(Arcane)
1974,Bone_Spirit_Pelt_Gloves(Arcane)
1975,Bone_Spirit_Pelt_Boots(Arcane)
1976,Iron_Helmet(Arcane)
1977,Iron_Breastplate(Arcane)
1978,Iron_Pants(Arcane)
1979,Iron_Helmet(Arcane)
1980,Iron_Boots(Arcane)
1986,Leo_Spirit_Pelt_Helmet(Mystic)
1987,Leo_Spirit_Pelt_Breastplate(Mystic)
1988,Leo_Spirit_Pelt_Pants(Mystic)
1989,Leo_Spirit_Pelt_Gloves(Mystic)
1990,Leo_Spirit_Pelt_Boots(Mystic)
1991,Eagle_Spirit_Pelt_Helmet(Mystic)
1992,Eagle_Spirit_Pelt_Breastplate(Mystic)
1993,Eagle_Spirit_Pelt_Pants(Mystic)
1994,Eagle_Spirit_Pelt_Gloves(Mystic)
1995,Eagle_Spirit_Pelt_Boots(Mystic)
1996,Bone_Spirit_Pelt_Helmet(Mystic)
1997,Bone_Spirit_Pelt_Breastplate(Mystic)
1998,Bone_Spirit_Pelt_Pants(Mystic)
1999,Bone_Spirit_Pelt_Gloves(Mystic)
2000,Bone_Spirit_Pelt_Boots(Mystic)
2001,Iron_Helmet(Mystic)
2002,Iron_Breastplate(Mystic)
2003,Iron_Pants(Mystic)
2004,Iron_Gloves(Mystic)
2005,Iron_Boots(Mystic)
2021,Dwarfen_Plate_Helmet(Arcane)
2022,Dwarfen_Plate_Breastplate(Arcane)
2023,Dwarfen_Plate_Pants(Arcane)
2024,Dwarfen_Plate_Gloves(Arcane)
2025,Dwarfen_Plate_Boots(Arcane)
2026,Dwarfen_Plate_Helmet(Mystic)
2027,Dwarfen_Plate_Breastplate(Mystic)
2028,Dwarfen_Plate_Pants(Mystic)
2029,Dwarfen_Plate_Gloves(Mystic)
2030,Dwarfen_Plate_Boots(Mystic)
2041,Paded_Cap(Arcane)
2042,Paded_Jacket(Arcane)
2043,Paded_Pants(Arcane)
2044,Paded_Brace(Arcane)
2045,Paded_Boots(Arcane)
2046,Splint_Cap(Arcane)
2047,Splint_Cap(Arcane)
2048,Splint_Pants(Arcane)
2049,Splint_Brace(Arcane)
2050,Splint_Boots(Arcane)
2051,Bandge_Cap(Arcane)
2052,Bandge_Breast(Arcane)
2053,Bandge_Pants(Arcane)
2054,Bandge_Brace(Arcane)
2055,Bandge_Boots(Arcane)
2056,Brigandine_Cap(Arcane)
2057,Brigandine_Breast(Arcane)
2058,Brigandine_Pants(Arcane)
2059,Brigandine_Brace(Arcane)
2060,Brigandine_Boots(Arcane)
2076,Bandge_Cap(Mystic)
2077,Bandge_Breast(Mystic)
2078,Bandge_Pants(Mystic)
2079,Bandge_Brace(Mystic)
2080,Bandge_Boots(Mystic)
2081,Brigandine_Cap(Mystic)
2082,Brigandine_Breast(Mystic)
2083,Brigandine_Pants(Mystic)
2084,Brigandine_Brace(Mystic)
2085,Brigandine_Boots(Mystic)
2101,Soul_Blade
2102,Gram
2103,Bhopal_Sword
2106,Kaladbolg
2111,Mithril_Hammer
2112,Dragon_Hammer
2113,Slayer_Hammer
2116,Mjollnir
2121,Hydra_Bow
2122,Elven_Bow
2123,Heaven's_Bow
2126,Wing_Rod
2127,Eye_Of_Carbunkle
2128,Kerykerion
2129,Blue_Gem_Staff
2130,Amber_Gem_Staff
2131,Assassin_Knife
2132,Behemoth_Tusk
2133,Talon_Of_Dragon
2136,Brionac
2137,Gungnir
2138,Victory's_Spear
2141,Astaroth_Knife
2142,Lightening_Spear
2143,Holy_Cross
2151,Sturdy_Leather_Helmet(Mystic)
2152,Chain_Helmet(Mystic)
2153,Sturdy_Leather_Breastplate(Mystic)
2154,Chain_Breastplate(Mystic)
2155,Sturdy_Leather_Pants(Mystic)
2156,Chain_Pantst(Mystic)
2157,Sturdy_Leather_Gloves(Mystic)
2158,Chain_Gloves(Mystic)
2159,Sturdy_Leather_Boots(Mystic)
2160,Chain_Boots(Mystic)
2161,Vampire_Robe_Helmet(Mystic)
2162,Shadow_Robe_Helmet(Mystic)
2163,Vampire_Robe_Tunic(Mystic)
2164,Shadow_Robe_Tunic(Mystic)
2165,Vampire_Robe_Skirt(Mystic)
2166,Shadow_Robe_Skirt(Mystic)
2167,Vampire_Robe_Gloves(Mystic)
2168,Shadow_Robe_Gloves(Mystic)
2169,Vampire_Robe_Boots(Mystic)
2170,Shadow_Robe_Boots(Mystic)
2171,Plate_Helmet(Legend)
2172,Plate_Breastplate(Legend)
2173,Plate_Pants(Legend)
2174,Plate_Gloves(Legend)
2175,Plate_Boots(Legend)
2176,Golden_Plate_Helmet(Legend)
2177,Golden_Plate_Breastplate(Legend)
2178,Golden_Plate_Pants(Legend)
2179,Golden_Plate_Gloves(Legend)
2180,Golden_Plate_Boots(Legend)
2181,Dwarfen_Plate_Helmet(Legend)
2182,Dwarfen_Plate_Breastplate(Legend)
2183,Dwarfen_Plate_Pants(Legend)
2184,Dwarfen_Plate_Gloves(Legend)
2185,Dwarfen_Plate_Boots(Legend)
2186,Gold_Embersed_Helmet(Legend)
2187,Gold_Embersed_Breastplate(Legend)
2188,Gold_Embersed_Pants(Legend)
2189,Gold_Embersed_Gloves(Legend)
2190,Gold_Embersed_Boots(Legend)
2191,Shadow_Robe_Helmet(Legend)
2192,Shadow_Robe_Tunic(Legend)
2193,Shadow_Robe_Skirt(Legend)
2194,Shadow_Robe_Gloves(Legend)
2195,Shadow_Robe_Boots(Legend)
2196,Shell_Robe_Helmet(Legend)
2197,Shell_Robe_Tunic(Legend)
2198,Shell_Robe_Skirt(Legend)
2199,Shell_Robe_Gloves(Legend)
2200,Shell_Robe_Boots(Legend)
2201,Casting_Robe_Helmet(Legend)
2202,Casting_Robe_Tunic(Legend)
2203,Casting_Robe_
2204,Casting_Robe_Gloves(Legend)
2205,Casting_Robe_Boots(Legend)
2206,Mithril_Robe_Helmet(Legend)
2207,Mithril_Robe_Tunic(Legend)
2208,Mithril_Robe_Pants(Legend)
2209,Mithril_Robe_Gloves(Legend)
2210,Mithril_Robe_Boots(Legend)
2211,Eagle_Spirit_Pelt_Helmet(Legend)
2212,Eagle_Spirit_Pelt_Breastplate(Legend)
2213,Eagle_Spirit_Pelt_Pants(Legend)
2214,Eagle_Spirit_Pelt_Gloves(Legend)
2215,Eagle_Spirit_Pelt_Bootst(Legend)
2216,Bone_Spirit_Helmet(Legend)
2217,Bone_Spirit_Breastplate(Legend)
2218,Bone_Spirit_Pants(Legend)
2219,Bone_Spirit_Gloves(Legend)
2220,Bone_Spirit_Boots(Legend)
2221,Iron_Helmet(Legend)
2222,Iron_Breastplate(Legend)
2223,Iron_Pants(Legend)
2224,Iron_Gloves(Legend)
2225,Iron_Boots(Legend)
2226,Meta_Elemental_Helmet(Legend)
2227,Meta_Elemental_Breastplate(Legend)
2228,Meta_Elemental_Pants(Legend)
2229,Meta_Elemental_Gloves(Legend)
2230,Meta_Elemental_Boots(Legend)
2231,Brigandine_Cap(Legend)
2232,Brigandine_Breast(Legend)
2233,Brigandine_Pants(Legend)
2234,Brigandine_Brace(Legend)
2235,Brigandine_Boots(Legend)
2236,Field_Combat_Cap(Legend)
2237,Field_Combat_Breast(Legend)
2238,Field_Combat_Pants(Legend)
2239,Field_Combat_Brace(Legend)
2240,Field_Combat_Boots(Legend)
2241,Nature_Cap(Legend)
2242,Nature_Breast(Legend)
2243,Nature_Pants(Legend)
2244,Nature_Brace(Legend)
2245,Nature_Boots(Legend)
2246,Gold_Curve_Web_Cap(Legend)
2247,Gold_Curve_Web_Breast(Legend)
2248,Gold_Curve_Web_Pants(Legend)
2249,Gold_Curve_Web_Brace(Legend)
2250,Gold_Curve_Web_Boots(Legend)
2300,Pig's_Egg
2301,Tamed_Boar's_Egg
2302,Tamed_Wolf's_Egg
2303,Dragon_Papy's_Egg
2304,Tamed_Bear's_Egg
2305,Smilodon's_Egg
2306,Bareback_Horse's_Egg
2307,Steed's_Egg
2308,Swift_Horse's_Egg
2309,Harnessed_Horse's_Egg
2310,Parade_Horse's_Egg
2311,Bareback_Horse_Egg
2312,Steed's_Egg
2313,Swift_Horse's_Egg
2314,Harnessed_Horse's_Egg
2315,Parade_Horse's_Egg
2316,Fenrir's_Egg
2317,Dragon's_Egg
2318,Wild_Fenrir's_Egg
2319,Fire_Tiger's_Egg
2320,Red_Dragon's_Egg
2321,Unicorn's_Egg
2322,Pegasus'_Egg
2323,Unisus'_Egg
2324,Griffon's_Egg
2325,Hippogriph's_Egg
2326,Booldy_Griffe's_Egg
2327,Svadilfari's_Egg
2328,Sleipnir's_Egg
2330,Pig's_Baby
2331,Tamed_Boar's_Baby
2332,Tamed_Wolf's_Baby
2333,Dragon_Papy's_Baby
2334,Tamed_Bear's_Baby
2335,Smilodon's_Baby
2336,Bareback_Horse's_Baby
2337,Steed's_Baby
2338,Swift_Horse's_Baby
2339,Harnessed_Horse's_Baby
2340,Parade_Horse's_Baby
2341,Bareback_Horse's_Baby
2342,Steed's_Baby
2343,Swift_Horse's_Baby
2344,Harnessed_Horse's_Baby
2345,Parade_Horse's_Baby
2346,Fenrir's_Baby
2347,Dragon's_Baby
2348,Wild_Fenrir's_Baby
2349,Fire_Tiger's_Baby
2350,Red_Dragon's_Baby
2351,Unicorn's_Baby
2352,Pegasus'_Baby
2353,Griffon's_Baby
2354,Griffon's_Baby
2355,Hippogriph's_Baby
2356,Bloody_Griffon's_Baby
2357,Svadilfari's_Baby
2358,Sleipnir's_Baby
2360,Pig
2361,Tamed_Boar
2362,Tamed_Wolf
2363,Dragon_Papy
2364,Tamed_Bear
2365,Smilodon
2366,Bareback_Horse
2367,Steed
2368,Swift_Horse
2369,Harnessed_Horse
2370,Parade_Horse
2371,Bareback_Horse
2372,Steed
2373,Swift_Horse
2374,Harnessed_Horse
2375,Parade_Horse
2376,Fenrir
2377,Dragon
2378,Wild_Fenrir
2379,Fire_Tiger
2380,Red_Dragon
2381,Unicorn
2382,Pegasus
2383,Unisus
2384,Griffon
2385,Hippogriph
2386,Bloody_Griffon
2387,Svadilfari
2388,Sleipnir
2390,Pig's_Essence
2391,Tamed_Boar's_Essence
2392,Tamed_Wolf's_Essence
2393,Dragon_Papy's_Essence
2394,Tamed_Bear's_Essence
2395,Smilodon's_Essence
2396,Bareback_Horse's_Essence
2397,Steed's_Essence
2398,Swift_Horse's_Essence
2399,Harnessed_Horse's_Essence
2400,Parade_Horse's_Essence
2401,Bareback_Horse's_Essence
2402,Steed's_Essence
2403,Swift_Horse's_Essence
2404,Harnessed_Horse's_Essence
2405,Parade_Horse's_Essence
2406,Fenrir's_Essence
2407,Dragon's_Essence
2408,Wild_Fenrir's_Essence
2409,Fire_Tiger's_Essence
2410,Red_Dragon's_Essence
2411,Unicorn's_Essence
2412,Pegasus'_Essence
2413,Nuisus'_Essence
2414,Griffon's_Essence
2415,Hippogriph's_Essence
2416,Bloody_Griffe's_Essence
2417,Svadilfari's_Essence
2418,Sleipnir's_Essence
2420,Pig's_Feed
2421,Tamed_Boar's_Feed
2422,Tamed_Wolf's_Feed
2423,Dragon_Papy's_Feed
2424,Tamed_Bear's_Feed
2425,Smilodon's_Feed
2426,Horse's_Feed
2427,Fire_Tiger's_Feed
2428,Red_Dragon's_Feed
2429,Unicorn's_Feed
2430,Griffon's_Feed
2431,N/A
2432,N/A
2433,N/A
2434,N/A
2435,N/A
2436,Fenrir's_Feed
2437,Dragon's_Feed
2438,Wild_Fenrir's_Feed
2441,Diamond
2442,Emerald
2443,Coral
2444,Garnet
2451,Club
2452,Club
2453,Club
2454,Club
2455,Hand_Axe(Acient)
2456,Hand_Axe(Acient)
2457,Hand_Axe(Acient)
2458,Hand_Axe(Acient)
2459,Spike_Club(Acient)
2460,Spike_Club(Acient)
2461,Spike_Club(Acient)
2462,Spike_Club(Acient)
2463,Mace(Acient)
2464,Mace(Acient)
2465,Mace(Acient)
2466,Mace(Acient)
2467,Craicar(Acient)
2468,Craicar(Acient)
2469,Craicar(Acient)
2470,Craicar(Acient)
2471,Double_Axe(Acient)
2472,Double_Axe(Acient)
2473,Double_Axe(Acient)
2474,Double_Axe(Acient)
2475,Gothic_Mace(Acient)
2476,Gothic_Mace(Acient)
2477,Gothic_Mace(Acient)
2478,Gothic_Mace(Acient)
2479,Mithril_Hammer(Acient)
2480,Mithril_Hammer(Acient)
2481,Mithril_Hammer(Acient)
2482,Mithril_Hammer(Acient)
2483,Dragon_Hammer(Acient)
2484,Dragon_Hammer(Acient)
2485,Dragon_Hammer(Acient)
2486,Dragon_Hammer(Acient)
2487,Slayer_Hammer(Acient)
2488,Slayer_Hammer(Acient)
2489,Slayer_Hammer(Acient)
2490,Slayer_Hammer(Acient)
2491,Thron_Of_Axe(Acient)
2492,Thron_Of_Axe(Acient)
2493,Thron_Of_Axe(Acient)
2494,Thron_Of_Axe(Acient)
2511,Small_Bow(Acient)
2512,Small_Bow(Acient)
2513,Small_Bow(Acient)
2514,Small_Bow(Acient)
2515,Wooden_Bow(Acient)
2516,Wooden_Bow(Acient)
2517,Wooden_Bow(Acient)
2518,Wooden_Bow(Acient)
2519,Large_Bow(Acient)
2520,Large_Bow(Acient)
2521,Large_Bow(Acient)
2522,Large_Bow(Acient)
2523,Battle_Bow(Acient)
2524,Battle_Bow(Acient)
2525,Battle_Bow(Acient)
2526,Battle_Bow(Acient)
2527,Daising_Bow(Acient)
2528,Daising_Bow(Acient)
2529,Daising_Bow(Acient)
2530,Daising_Bow(Acient)
2531,Speed_Of_Light_Bow(Acient)
2532,Speed_Of_Light_Bow(Acient)
2533,Speed_Of_Light_Bow(Acient)
2534,Speed_Of_Light_Bow(Acient)
2535,Mithril_Bow(Acient)
2536,Mithril_Bow(Acient)
2537,Mithril_Bow(Acient)
2538,Mithril_Bow(Acient)
2539,Hydra_Bow(Acient)
2540,Hydra_Bow(Acient)
2541,Hydra_Bow(Acient)
2542,Hydra_Bow(Acient)
2543,Elven_Bow(Acient)
2544,Elven_Bow(Acient)
2545,Elven_Bow(Acient)
2546,Elven_Bow(Acient)
2547,Heaven's_Bow(Acient)
2548,Heaven's_Bow(Acient)
2549,Heaven's_Bow(Acient)
2550,Heaven's_Bow(Acient)
2551,Thron_Of_Isis(Acient)
2552,Thron_Of_Isis(Acient)
2553,Thron_Of_Isis(Acient)
2554,Thron_Of_Isis(Acient)
2571,Bagnow(Acient)
2572,Bagnow(Acient)
2573,Bagnow(Acient)
2574,Bagnow(Acient)
2575,Knuckle_Cutter(Acient)
2576,Knuckle_Cutter(Acient)
2577,Knuckle_Cutter(Acient)
2578,Knuckle_Cutter(Acient)
2579,Claw(Acient)
2580,Claw(Acient)
2581,Claw(Acient)
2582,Claw(Acient)
2583,Sharp_Claw(Acient)
2584,Sharp_Claw(Acient)
2585,Sharp_Claw(Acient)
2586,Sharp_Claw(Acient)
2587,Kamairah_Knife(Acient)
2588,Kamairah_Knife(Acient)
2589,Kamairah_Knife(Acient)
2590,Kamairah_Knife(Acient)
2591,Darkness_Claw(Acient)
2592,Darkness_Claw(Acient)
2593,Darkness_Claw(Acient)
2594,Darkness_Claw(Acient)
2595,Hidden_Spear(Acient)
2596,Hidden_Spear(Acient)
2597,Hidden_Spear(Acient)
2598,Hidden_Spear(Acient)
2599,Assassin_knife(Acient)
2600,Assassin_knife(Acient)
2601,Assassin_knife(Acient)
2602,Assassin_knife(Acient)
2603,Behemoth_Tusk(Acient)
2604,Behemoth_Tusk(Acient)
2605,Behemoth_Tusk(Acient)
2606,Behemoth_Tusk(Acient)
2607,Talon_Of_Dragon(Acient)
2608,Talon_Of_Dragon(Acient)
2609,Talon_Of_Dragon(Acient)
2610,Talon_Of_Dragon(Acient)
2611,Thron_Of_Kairas(Acient)
2612,Thron_Of_Kairas(Acient)
2613,Thron_Of_Kairas(Acient)
2614,Thron_Of_Kairas(Acient)
2631,Short_Spear(Acient)
2632,Short_Spear(Acient)
2633,Short_Spear(Acient)
2634,Short_Spear(Acient)
2635,Glaive(Acient)
2636,Glaive(Acient)
2637,Glaive(Acient)
2638,Glaive(Acient)
2639,Winged_Spear(Acient)
2640,Winged_Spear(Acient)
2641,Winged_Spear(Acient)
2642,Winged_Spear(Acient)
2643,Lance(Acient)
2644,Lance(Acient)
2645,Lance(Acient)
2646,Lance(Acient)
2647,Pochard(Acient)
2648,Pochard(Acient)
2649,Pochard(Acient)
2650,Pochard(Acient)
2651,Trident(Acient)
2652,Trident(Acient)
2653,Trident(Acient)
2654,Trident(Acient)
2655,Panaca(Acient)
2656,Panaca(Acient)
2657,Panaca(Acient)
2658,Panaca(Acient)
2659,Brionac(Acient)
2660,Brionac(Acient)
2661,Brionac(Acient)
2662,Brionac(Acient)
2663,Gungnir(Acinet)
2664,Gungnir(Acinet)
2665,Gungnir(Acinet)
2666,Gungnir(Acinet)
2667,Victory's_Spear(Acient)
2668,Victory's_Spear(Acient)
2669,Victory's_Spear(Acient)
2670,Victory's_Spear(Acient)
2671,Thron_Of_Garve(Acient)
2672,Thron_Of_Garve(Acient)
2673,Thron_Of_Garve(Acient)
2674,Thron_Of_Garve(Acient)
2691,Dagger(Acient)
2692,Dagger(Acient)
2693,Dagger(Acient)
2694,Dagger(Acient)
2695,Short_Sword(Acient)
2696,Short_Sword(Acient)
2697,Short_Sword(Acient)
2698,Short_Sword(Acient)
2699,Steel_Letto(Acient)
2700,Steel_Letto(Acient)
2701,Steel_Letto(Acient)
2702,Steel_Letto(Acient)
2703,Rapier(Acient)
2704,Rapier(Acient)
2705,Rapier(Acient)
2706,Rapier(Acient)
2707,Scimitar(Acient)
2708,Scimitar(Acient)
2709,Scimitar(Acient)
2710,Scimitar(Acient)
2711,Cross_Sword(Acient)
2712,Cross_Sword(Acient)
2713,Cross_Sword(Acient)
2714,Cross_Sword(Acient)
2715,Gladius(Acient)
2716,Gladius(Acient)
2717,Gladius(Acient)
2718,Gladius(Acient)
2719,Soul_Blade(Acient)
2720,Soul_Blade(Acient)
2721,Soul_Blade(Acient)
2722,Soul_Blade(Acient)
2723,Gram(Acient)
2724,Gram(Acient)
2725,Gram(Acient)
2726,Gram(Acient)
2727,Bhopal_Sword(Acient)
2728,Bhopal_Sword(Acient)
2729,Bhopal_Sword(Acient)
2730,Bhopal_Sword(Acient)
2731,Thron_Of_Shard(Acient)
2732,Thron_Of_Shard(Acient)
2733,Thron_Of_Shard(Acient)
2734,Thron_Of_Shard(Acient)
2751,Dart(Acient)
2752,Dart(Acient)
2753,Dart(Acient)
2754,Dart(Acient)
2755,Throwing_Axe(Acient)
2756,Throwing_Axe(Acient)
2757,Throwing_Axe(Acient)
2758,Throwing_Axe(Acient)
2759,Snake_Freekle(Acient)
2760,Snake_Freekle(Acient)
2761,Snake_Freekle(Acient)
2762,Snake_Freekle(Acient)
2763,Cutting_Boomerang(Acient)
2764,Cutting_Boomerang(Acient)
2765,Cutting_Boomerang(Acient)
2766,Cutting_Boomerang(Acient)
2767,Tomahawk(Acient)
2768,Tomahawk(Acient)
2769,Tomahawk(Acient)
2770,Tomahawk(Acient)
2771,Chakram(Acient)
2772,Chakram(Acient)
2773,Chakram(Acient)
2774,Chakram(Acient)
2775,Shamir(Acient)
2776,Shamir(Acient)
2777,Shamir(Acient)
2778,Shamir(Acient)
2779,Astaroth_Knife(Acient)
2780,Astaroth_Knife(Acient)
2781,Astaroth_Knife(Acient)
2782,Astaroth_Knife(Acient)
2783,Lightening_Spear(Acient)
2784,Lightening_Spear(Acient)
2785,Lightening_Spear(Acient)
2786,Lightening_Spear(Acient)
2787,Holy_Cross(Acient)
2788,Holy_Cross(Acient)
2789,Holy_Cross(Acient)
2790,Holy_Cross(Acient)
2791,Thron_Of_Deimos(Acient)
2792,Thron_Of_Deimos(Acient)
2793,Thron_Of_Deimos(Acient)
2794,Thron_Of_Deimos(Acient)
2811,Wooden_Cane(Acient)
2812,Wooden_Cane(Acient)
2813,Wooden_Cane(Acient)
2814,Wooden_Cane(Acient)
2815,War_Rod(Acient)
2816,War_Rod(Acient)
2817,War_Rod(Acient)
2818,War_Rod(Acient)
2819,Cutter_Staff(Acient)
2820,Cutter_Staff(Acient)
2821,Cutter_Staff(Acient)
2822,Cutter_Staff(Acient)
2823,Gem_Staff(Acient)
2824,Gem_Staff(Acient)
2825,Gem_Staff(Acient)
2826,Gem_Staff(Acient)
2827,Silent_Staff(Acient)
2828,Silent_Staff(Acient)
2829,Silent_Staff(Acient)
2830,Silent_Staff(Acient)
2831,Falcon_Rod(Acient)
2832,Falcon_Rod(Acient)
2833,Falcon_Rod(Acient)
2834,Falcon_Rod(Acient)
2835,Saint's_Cane(Acient)
2836,Saint's_Cane(Acient)
2837,Saint's_Cane(Acient)
2838,Saint's_Cane(Acient)
2839,Wing_Rod(Acient)
2840,Wing_Rod(Acient)
2841,Wing_Rod(Acient)
2842,Wing_Rod(Acient)
2843,Eye_Of_Carbunkle(Acient)
2844,Eye_Of_Carbunkle(Acient)
2845,Eye_Of_Carbunkle(Acient)
2846,Eye_Of_Carbunkle(Acient)
2847,Kerykeion(Acient)
2848,Kerykeion(Acient)
2849,Kerykeion(Acient)
2850,Kerykeion(Acient)
2851,Blue_Gem_Staff(Acient)
2852,Blue_Gem_Staff(Acient)
2853,Blue_Gem_Staff(Acient)
2854,Blue_Gem_Staff(Acient)
2855,Amber_Gem_Staff(Acient)
2856,Amber_Gem_Staff(Acient)
2857,Amber_Gem_Staff(Acient)
2858,Amber_Gem_Staff(Acient)
2859,Thron_Of_RuneStaff(Acient)
2860,Thron_Of_RuneStaff(Acient)
2861,Thron_Of_RuneStaff(Acient)
2862,Thron_Of_RuneStaff(Acient)
2863,Thron_Of_Zen_Staff(Acient)
2864,Thron_Of_Zen_Staff(Acient)
2865,Thron_Of_Zen_Staff(Acient)
2866,Thron_Of_Zen_Staff(Acient)
2871,Long_Sword(Acient)
2872,Long_Sword(Acient)
2873,Long_Sword(Acient)
2874,Long_Sword(Acient)
2875,Bastard_Sword(Acient)
2876,Bastard_Sword(Acient)
2877,Bastard_Sword(Acient)
2878,Bastard_Sword(Acient)
2879,Broad_Sword(Acient)
2880,Broad_Sword(Acient)
2881,Broad_Sword(Acient)
2882,Broad_Sword(Acient)
2883,Double_Blade(Acient)
2884,Double_Blade(Acient)
2885,Double_Blade(Acient)
2886,Double_Blade(Acient)
2887,Promynunce_Edge(Acient)
2888,Promynunce_Edge(Acient)
2889,Promynunce_Edge(Acient)
2890,Promynunce_Edge(Acient)
2891,Kaladbolg(Acient)
2892,Kaladbolg(Acient)
2893,Kaladbolg(Acient)
2894,Kaladbolg(Acient)
2895,Thron_Of_Breaker(Acient)
2896,Thron_Of_Breaker(Acient)
2897,Thron_Of_Breaker(Acient)
2898,Thron_Of_Breaker(Acient)
2911,Hammer(Acient)
2912,Hammer(Acient)
2913,Hammer(Acient)
2914,Hammer(Acient)
2915,War_Hammer(Acient)
2916,War_Hammer(Acient)
2917,War_Hammer(Acient)
2918,War_Hammer(Acient)
2919,Battle_Axe(Acient)
2920,Battle_Axe(Acient)
2921,Battle_Axe(Acient)
2922,Battle_Axe(Acient)
2923,Great_Axe(Acient)
2924,Great_Axe(Acient)
2925,Great_Axe(Acient)
2926,Great_Axe(Acient)
2927,Psychic_Hammer(Acient)
2928,Psychic_Hammer(Acient)
2929,Psychic_Hammer(Acient)
2930,Psychic_Hammer(Acient)
2931,Mjolnir(Acient)
2932,Mjolnir(Acient)
2933,Mjolnir(Acient)
2934,Mjolnir(Acient)
2935,Thron_Of_Hammer(Acient)
2936,Thron_Of_Hammer(Acient)
2937,Thron_Of_Hammer(Acient)
2938,Thron_Of_Hammer(Acient)
2960,Clydesdale_Horse
2961,Gullfaxi_Horse
3000,Iron_Taron_Weapon
3001,Berserker_One_Hand_Axe
3002,Berserker_One_Hand_Shield
3003,Sorcerer_Cane
3004,Shaman_Spear
3005,Ranger_Bow
3006,Kalints_Man_Claw
3007,Frozen_Troll_Weapon
3016,2874.4
3017,2874.5
3018,2874.6
3019,2874.7
3020,Fury_Stone
3050,Taron_Weapon
3051,Mighty_Talos_Weapon
3052,Lich_Side
3053,Templer_Sword
3140,Glihtning_Stone
3145,Victory's_Tower_1
3146,Victory's_Tower_2
3147,Victory's_Tower_3
3148,Victory's_Tower_4
3149,Victory's_Tower_5
3150,Gremline_Transformation_Order
3151,Archer_Orc_Transformation_Order
3152,Troll_Transformation_Order
3153,Carbunkle_Transformation_Order
3154,Ghoul_Chief_Transformation_Order
3170,Elixir_Notice
3171,Duel_Letter(Mystic)
3172,Duel_Letter(Normal)
3173,Water_Scroll(Normal)LV1
3174,Water_Scroll(Normal)LV2
3175,Water_Scroll(Normal)LV3
3176,Water_Scroll(Normal)LV4
3177,Water_Scroll(Normal)LV5
3178,Water_Scroll(Normal)LV6
3179,Water_Scroll(Normal)LV7
3180,Water_Scroll(NormalLV8
3181,Nessus_Scroll(Nomal)
3182,Water_Scroll(Arcane)LV1
3183,Water_Scroll(Arcane)LV2
3184,Water_Scroll(Arcane)LV3
3185,Water_Scroll(Arcane)LV4
3186,Water_Scroll(Arcane)LV5
3187,Water_Scroll(Arcane)LV6
3188,Water_Scroll(Arcane)LV7
3189,Water_Scroll(Arcane)LV8
3190,Nessus_Scroll(Arcane)
3191,Elite_Of_Hekalotia
3192,Elite_Of_Akeronia
3193,Elite_Of_Adventurer
3194,Hero_Hekalotia_Cape
3195,Hero_Akelonia_Cape
3196,Hero_Adventurer_Cape
3197,Master_Of_Hekalotia
3198,Master_Of_Akeronia
3199,Master_Of_Adventurer
3200,WYD_Lottery
3201,WYD_Lottery
3202,WYD_Lottery
3203,WYD_Lottery
3204,WYD_Lottery
3205,WYD_Lottery
3206,WYD_Lottery
3207,WYD_Lottery
3208,WYD_Lottery
3209,WYD_Lottery
3210,WYD_Lottery
3211,WYD_Lottery
3212,WYD_Lottery
3213,WYD_Lottery
3214,WYD_Lottery
3215,WYD_Lottery
3216,WYD_Lottery
3217,WYD_Lottery
3218,WYD_Lottery
3219,WYD_Lottery
3220,WYD_Lottery
3221,WYD_Lottery
3222,WYD_Lottery
3223,WYD_Lottery
3224,WYD_Lottery
3225,WYD_Lottery
3226,WYD_Lottery
3227,WYD_Lottery
3228,WYD_Lottery
3229,WYD_Lottery
3230,WYD_Lottery
3231,WYD_Lottery
3232,WYD_Lottery
3233,WYD_Lottery
3234,WYD_Lottery
3235,WYD_Lottery
3236,WYD_Lottery
3237,WYD_Lottery
3238,WYD_Lottery
3239,WYD_Lottery
3240,WYD_Lottery
3241,WYD_Lottery
3242,WYD_Lottery
3243,WYD_Lottery
3244,WYD_Lottery
3245,WYD_Lottery
3246,WYD_Lottery
3247,WYD_Lottery
3248,WYD_Lottery
3249,WYD_Lottery
3250,WYD_Lottery
3251,WYD_Lottery
3252,WYD_Lottery
3253,WYD_Lottery
3254,WYD_Lottery
3255,WYD_Lottery
3256,WYD_Lottery
3257,WYD_Lottery
3258,WYD_Lottery
3259,WYD_Lottery
3260,WYD_Lottery
3261,WYD_Lottery
3262,WYD_Lottery
3263,WYD_Lottery
3264,WYD_Lottery
3265,WYD_Lottery
3266,WYD_Lottery
3267,WYD_Lottery
3268,WYD_Lottery
3269,WYD_Lottery
3270,WYD_Lottery
3271,WYD_Lottery
3272,WYD_Lottery
3273,WYD_Lottery
3274,WYD_Lottery
3275,WYD_Lottery
3276,WYD_Lottery
3277,WYD_Lottery
3278,WYD_Lottery
3279,WYD_Lottery
3280,WYD_Lottery
3281,WYD_Lottery
3282,WYD_Lottery
3283,WYD_Lottery
3284,WYD_Lottery
3285,WYD_Lottery
3286,WYD_Lottery
3287,WYD_Lottery
3288,WYD_Lottery
3289,WYD_Lottery
3290,WYD_Lottery
3291,WYD_Lottery
3292,WYD_Lottery
3293,WYD_Lottery
3294,WYD_Lottery
3295,WYD_Lottery
3296,WYD_Lottery
3297,WYD_Lottery
3298,WYD_Lottery
3299,WYD_Lottery
3300,2880.34
3301,2880.35
3302,2880.36
3303,18
3310,Kappa_Potion(P)
3311,Competent_Potion(P)
3312,Mental_Potion(P)
3313,Bigger_Potion
3314,Roast_Chicken
3315,Mount_Recovery_Potion
3316,Mount_Recovery_Potion
3317,Mount_Recovery_Potion
3318,Roast_Chicken(Package)
3319,(S)Kappa_Potion(P)
3320,(S)Competent_Potion(P)
3321,(S)Mental_Potion(P)
3322,(S)Healing_Potion_Box(P)
3323,Mana_Potion_Box(P)
3324,Nightmare(Normal/party)
3325,Nightmare(Mystic/party)
3326,Nightmare(Arcane/party)
3327,Nightmare(Scrap)
3328,Hell_Gate_Ancient_Papper(Personal)
3329,Hell_Gate_Ancient_Papper(Party)
3330,Shout
3331,Delights_Of_The_City_Entrance_Ticket
3332,Wild_Boar_Transformation_Letter
3333,Wolf_Transformation_Letter
3334,Fire_Golem_Transformation_Letter
3335,Transformation_Release_Letter
3336,Return_Of_Ability
3337,not
3338,not
3339,not
3340,Firecracker1
3341,Firecracker2
3342,Firecracker3
3343,Cao_Remission_Letter
3344,Kapet_Growth_Potion
3345,Acuban_Growth_Potion
3346,Menkar_Growth_Potion
3347,Birago_Growth_Potion
3348,Usu_Growth_Potion
3349,Makave_Growth_Potion
3350,Alperats_Growth_Potion
3351,Kapel_Length_Of_Life_Recovery_Potion
3352,Acuban_Length_Of_Life_Recovery_Potion
3353,Menkar_Length_Of_Life_Recovery_Potion
3354,Birago_Length_Of_Life_Recovery_Potion
3355,Usu_Length_Of_Life_Recovery_Potion
3356,Makave_Length_Of_Life_Recovery_Potion
3357,Alperats_Length_Of_Life_Recovery_Potion
3358,Pancake(7days)
3359,Pancake(15days)
3360,Pancake(30days)
3361,Sefirah_Potion(7days)
3362,Sefirah_Potion(15days)
3363,Sefirah_Potion(30days)
3364,Health_Potion(7days)
3365,Health_Potion(15days)
3366,Health_Potion(30days)
3367,Fairy_Bless_Water
3368,Tamed_Boar's_Feed(P)
3369,Tamed_Wolf's_Feed(P)
3370,Dragon_Papy's_Feed(P)
3371,Tamed_Bear's_Feed(P)
3372,Smilodon's_Feed(P)
3373,Horse's_Feed(P)
3374,Fire_Tiger's_Feed(P)
3375,Red_Dragon's_Feed(P)
3376,Unicorn's_Feed(P)
3377,Griffon's_Feed(P)
3378,Wonder_Drug_Of_Courage(30Days)
3379,not
3380,not
3381,not
3382,not
3383,Fenrir's_Feed(P)
3384,Dragon's_Feed(P)
3385,not_used
3386,Diamond_Gem
3387,Emerald_Gem
3388,Coral_Gem
3389,Garnet_Gem
3390,Nightmare(Normal/Personal)
3391,Nightmare(Mystic/Personal)
3392,Nightmare(Arcane/Personal)
3393,Coin_Wyden(200b/c)
3394,Gold_Wyden(1000b/c)
3395,Gold_Wyden(3000b/c)
3396,Gold_Wyden(5000b/c)
3397,Blue_Firal
3398,Red_Firal
3399,Green_Firal
3400,Silver_Firal
3401,Black_Firal
3402,Purple_Firal
3403,Brown_Firal
3404,Violet_Firal
3405,Yellowish_Firal
3406,Indigo_Firal
3407,Blue_Enamel
3408,Red_Enamel
3409,Green_Enamel
3410,Silver_Enamel
3411,Black_Enamel
3412,Purple_Enamel
3413,Brown_Enamel
3414,Violet_Enamel
3415,Yellowish_Enamel
3416,Indigo_Enamel
3417,Remover_Enamel
3418,Wild_Boar_Transformation_Letter
3419,Wolf_Transformation_Letter
3420,Fire_Golem_Transformation_Letter
3421,Gremlin_Transformation_Letter
3422,Archer_Orc_Transformation_Letter
3423,Troll_Transformation_Letter
3424,Carbunkle_Transformation_Letter
3425,Ghoule_Chief_Transformation_Letter
3429,Recall_Scroll(P)
3430,Warp_Scroll(P)
3431,Great_Potion(P)
3432,Hunting_Scroll(Armia)
3433,Hunting_Scroll(Dark
3434,Hunting_Scroll(under
3435,Hunting_Scroll(kalt
3436,Hunting_Scroll(Kephra)
3437,Hunting_Scroll(Niflehime)
3438,Hatch_accelerator
3439,Service_Ticket(24hours)
3440,Service_Ticket(7days)
3441,Gold_Wyden(10000b/c)
3442,Premium_Firecracker
3443,Spirit's_Seal
3444,Contract's_Seal
3445,Oriharukon_Alchemy
3446,Laktorerium_Alchemy
3447,Oriharukon
3448,Laktorerium
3451,Silver_Flash
3452,Gold_Flash
3453,Revival_Horse
3454,Revival_Horse(P)
3455,Extraction_of_Magical_Power
3500,Silver_Circlet
3501,Gold_Circlet
3502,Mystic_Circlet
3507,Arcana_Circlet
3551,Dragon_Wing_Axe
3556,Guardian_Bow
3561,Cronus_Saver
3566,Platinum_Shade
3571,Radian_Blade
3576,Karicass
3581,Eternal_Force
3582,Chaos_Jereca
3591,Genesis_Shade
3596,Gigantic_Crasher
3601,Dragon_Wing_Axe(Acient)
3602,Dragon_Wing_Axe(Acient)
3603,Dragon_Wing_Axe(Acient)
3604,Dragon_Wing_Axe(Acient)
3621,Guardian_Bow(Acient)
3622,Guardian_Bow(Acient)
3623,Guardian_Bow(Acient)
3624,Guardian_Bow(Acient)
3641,Cronus_Saver(Acient)
3642,Cronus_Saver(Acient)
3643,Cronus_Saver(Acient)
3644,Cronus_Saver(Acient)
3661,Platinum_Shade(Acient)
3662,Platinum_Shade(Acient)
3663,Platinum_Shade(Acient)
3664,Platinum_Shade(Acient)
3681,Radian_Blade(Acient)
3682,Radian_Blade(Acient)
3683,Radian_Blade(Acient)
3684,Radian_Blade(Acient)
3701,Karicass(Acient)
3702,Karicass(Acient)
3703,Karicass(Acient)
3704,Karicass(Acient)
3721,Eternal_Force(Acient)
3722,Eternal_Force(Acient)
3723,Eternal_Force(Acient)
3724,Eternal_Force(Acient)
3725,Chaos_Jereca(Acient)
3726,Chaos_Jereca(Acient)
3727,Chaos_Jereca(Acient)
3728,Chaos_Jereca(Acient)
3761,Genesis_Shade(Acient)
3762,Genesis_Shade(Acient)
3763,Genesis_Shade(Acient)
3764,Genesis_Shade(Acient)
3781,Gigantic_Crasher(Acient)
3782,Gigantic_Crasher(Acient)
3783,Gigantic_Crasher(Acient)
3784,Gigantic_Crasher(Acient)
3801,Slayer_Helmet(Legend)
3802,Slayer_Breastplate(Legend)
3803,Slayer_Pants(Legend)
3804,Slayer_Gloves(Legend)
3805,Slayer_Boots(Legend)
3821,Templess_Helmet(Legend)
3822,Templess_Tunic(Legend)
3823,Templess_Skirt(Legend)
3824,Templess_Glovest(Legend)
3825,Templess_Boots(Legend)
3841,Raven_Helemt(Legend)
3842,Raven_Breastplate(Legend)
3843,Raven_Pants(Legend)
3844,Raven_Glovest(Legend)
3845,Raven_Boots(Legend)
3861,Ragion_Cap(Legend)
3862,Ragion_Breast(Legend)
3863,Ragion_Pants(Legend)
3864,Ragion_Brace(Legend)
3865,Ragion_Boots(Legend)
3900,Green_Angel(3days)
3901,Blue_Angel(3days)
3902,Red_Angel(3days)
3903,Green_Angel(5days)
3904,Blue_Angel(5days)
3905,Red_Angel(5days)
3906,Green_Angel(7days)
3907,Blue_Angel(7days)
3908,Red_Angel(7days)
3909,Hidden_Ruins_Map(24hours)
3910,Hidden_Ruins_Map(24hours)
3911,Green_Angel(7days)
3912,Green_Angel(15days)
3913,Green_Angel(30days)
3914,Silver_Angel
3915,Gold_Andgel
3972,Guard_Summon_Letter(Esther)
3973,Guard_Summon_Letter(Sophia)
3974,Hidden_Ruins_Map(8hours)
3980,Shire_Horse(3days)
3981,Thoroughbred_Horse(3days)
3982,Clydesdale_Horse(3days)
3983,Shire_Horse(15days)
3984,Thoroughbred_Horse(15days)
3985,Clydesdale_Horse(15days)
3986,Shire_Horse(30days)
3987,Thoroughbred_Horse(30days)
3988,Clydesdale_Horse(30days)
3989,Grew_Parks_Horse(30days)
4000,Cube_Invitation_Card(Mystic)
4001,Cube_Invitation_Card(Arcane)
4003,Mount_Box(Normal)
4004,Mount_Box(Mystic)
4005,Mount_Box(Arcane)
4006,Cape_Of_Apprentice
4007,Premium_Box
4008,Master_Of_Commander
4009,Master_Of_Commander
4010,Silver_Wyden(100
4011,Silver_Wyden(1
4012,Ticket
4013,Kephra's_mark
4014,Bonus_Coupon
4015,Bersec_Cape
4016,Grade_A(Repliction)
4017,Grade_B(Repliction)
4018,Grade_C(Repliction)
4019,Grade_D(Repliction)
4020,Grade_E(Repliction)
4021,Grade_A(P.Repliction)
4022,Grade_B(P.Repliction)
4023,Grade_C(P.Repliction)
4024,Grade_D(P.Repliction)
4025,Grade_E(P.Repliction)
4026,Silver_Coin(1_million_Gold)
4027,Silver_Coin(5_million_Gold)
4028,Silver_Coin(10_million_Gold)
4029,Silver_Coin(50_million_Gold)
4030,Declaration_of_War_Letter
4031,War_Rejection_Letter
4032,Crystal_Form
4033,2764
4034,2764
4035,2764
4036,2764
4037,2764
4051,Gold_Medal
4052,Purple_Medal
4053,Red_Medal
4054,Blue_Medal
4055,Greed_Medal
4056,Lunch_Box
4057,Drinks
4080,Apprentice_Emblem
4081,Kingdom_Emblem
4097,Great_Potion
4101,Gate_Of_Time
4102,WYD_Slot_Machine
4103,Gambling_Machine
4104,Lucky_Pocket
4105,Money_Envelop
4106,Elime_Crystal
4107,Sylphid_Crystal
4108,Salion_Crystal
4109,Nohas_Crystal
4110,Game_Room_Ball
4111,Game_Room_Bead
4112,Game_Room_Bead
4113,Game_Room_Bead
4114,Game_Room(Gold_medal)
4115,Game_Room(Red_medal)
4116,Game_Room(Blue_medal)
4117,Box_Of_Wisdom
4118,Tears_Of_Angell
4119,Heart_Of_Kaizen
4120,Boold_Eye
4121,Elf's_Spirit_Stone
4122,Gargoyle's_Molar
4123,Opportunity's_Piece
4124,Opportunity's_Compound
4125,Balance's_Piece
4126,Balance's_Compound
4127,Locked_Seal
4128,Game_Room_Bead(Normal)
4129,Game_Room_Bead(Mystic)
4130,Game_Room_Bead(Arcane)
4131,Bundles_Sapphire(10)
4132,Lottery(Korea)
4133,Lottery(Maxico)
4134,Lottery(Japan)
4135,Lottery(America)
4136,Lottery(Cuba)
4137,Lottery(Venezuela)
4138,Lottery(Puerto
4139,Lottery(Dominican)
4140,Experience_Box
4141,Laktorerium_Powder
4142,Fairy_Dust
4143,First_Gate
4144,Experience_Box
4145,Love_Candy
4146,Warrior's_Seal
4147,WYD_TOTO
4148,Mysterious_Stone
4151,Brocken_Set
4152,Uniform_Set(30days)
4153,Skeleton_Set(30days)
4900,Treasure_box_1
4901,Treasure_box_2
4902,Treasure_box_3
4903,Treasure_box_4
4904,Treasure_box_5
5000,Heaven's_Dust
5001,Holy_Touch
5002,Slow_Slash
5003,Rescue
5004,Luster_Furnish
5005,Aura_Of_Life
5006,Attract
5007,Destiny
5008,Charge
5009,Speed_Up
5010,Deadly_Stroke
5011,Assault
5012,Rapid_Piercing
5013,Growth
5014,Combat_Sensibility
5015,Critical_Armor
5016,Double_Swing
5017,Fire_Attack
5018,Counter
5019,Freeze_Blade
5020,Soul_Strike
5021,Poison_Stab
5022,Explosion_Bash
5023,Freeze_Spiral
5024,Magic_Arrow
5025,Cure
5026,Flash
5027,Heal
5028,Holy_Shock
5029,Recovery
5030,Holy_Judgement
5031,Bless_Revival
5032,Fire
5033,Thunderbolt
5034,Ice_Spear
5035,Meteor_Storm
5036,Rock_Of_Blizzard
5037,Lightning_Storm
5038,Flare_Phoenix
5039,Meteor_Strike
5040,Poison
5041,Haste
5042,Party_Summon
5043,Magic_Shield
5044,Magic_Weapon
5045,Skill_Amplify
5046,Mana_Control
5047,Concentration
5048,Kiss_Of_Salamander
5049,Dominate
5050,Voice_Of_Shylph
5051,Waste
5052,Anger_Of_Gnom
5053,Elemental_Protector
5054,Elemental_Stream
5055,Fury_Of_Undine
5056,Condor_Summon
5057,Wild_Boar_Summon
5058,Rage_Wolf_Summon
5059,Savage_Bear_Summon
5060,Trample_Tiger_Summon
5061,Stunning_Gorilla_Summon
5062,Black_Dragon_Summon
5063,Succubus_Summon
5064,Werewolf
5065,Fangs_of_the_Wolf
5066,Werebear
5067,Bear's_Roar
5068,Astaroth
5069,Mist_Of_Hell
5070,Titan
5071,Evilator
5072,Fatal_Attack
5073,iIlusion
5074,Enchant_Frost
5075,Hide_In_Shadow
5076,Immunity
5077,Transfer_Armor_Class
5078,Piercing_Attack
5079,Another_Soul
5080,Power_Clip
5081,Hard_Sale
5082,Two_Weapon_Fighting
5083,Discount
5084,Craft_Gold_Piece
5085,Backpack
5086,Coin_Armor
5087,Spirit_Change
5088,Snick_Attack
5089,Dodge
5090,Life_Drain
5091,Hunter's_Vision
5092,Improved_Range
5093,Flanking_Chance
5094,Throwing_Knife
5095,Rapid_Hit
5096,Power_Up
5097,Conjure_Cannon
5098,Thorn_Wall
5099,Resurrect
5100,Cancellation
5101,Spectral_Force
5102,Soul_Of_Limits
5110,Ansuz
5111,Uraz
5112,Thurisaz
5113,Fehu
5114,Raidho
5115,Kenaz
5116,Naudhiz
5117,Gebo
5118,Wunjo
5119,Hagalaz
5120,Isa
5121,Jara
5122,Elhwaz
5123,Perthro
5124,Elhaz
5125,sowilo
5126,Berkano
5127,Ehwaz
5128,Tiwaz
5129,Mannaz
5130,Laguz
5131,Dagaz
5132,Ing
5133,Othel
5134,Clue_Of_Runes
5135,Magic's_Seal
5136,Magic's_Letter
5137,Nightmare's_Letter
5334,Water_Secret_Stone
5335,Land_Secret_Stone
5336,Sun_Secret_Stone
5337,Wind_Secret_Stone
5338,Ideal_Stone
4038,Gravedigger's_Candle
4039,Gardener's_Harvest
4040,Scout's_Cure
4041,Scout's_Mana
4042,Guard's_Emblem
