# Id, SkillPoint, TargetType, ManaSpent, Delay, Range, InstanceType, InstanceValue, TickType, TickValue, AffectType, AffectValue, AffectTime, Act123, Act123, InstanceAttribute, TickAttribute, Aggressive, Maxtarget, PartyCheck, AffectResist, Passive Check, Name

0,24,3,15,3,5,4,88,0,0,0,0,0,10.0.0.10.0.0.0.0,10.0.0.10.0.0.0.0,4,0,1,13,0,3,0,1,Giro_Da_Furia
1,48,4,20,3,0,0,0,1,3,1,3,2,10.0.0.10.0.0.0.0,10.0.0.10.0.0.0.0,2,0,1,13,0,2,0,0,Toque_Sagrado
2,66,1,10,3,3,1,13,0,0,0,0,0,7.0.0.7.0.0,7.0.0.7.0.0,0,0,1,2,0,0,0,0,Perseguicao
3,72,0,25,1,5,0,0,0,0,24,0,45,7.0.0.8.0.0.0.0,6.0.0.8.0.0.0.0,0,0,0,1,0,0,0,0,Samaritano
4,72,1,30,1,2,4,300,0,0,0,0,0,9.0.0.9.0.0.0.0,9.0.0.9.0.0.0.0,0,0,1,1,0,0,0,1,Fanatismo
5,81,0,53,0,0,0,0,17,75,0,0,99,24.0.0.24.0.0.0.0,24.0.0.24.0.0.0.0,0,0,0,1,0,0,0,0,Aura_da_Vida
6,90,1,75,3,8,0,0,0,0,0,0,0,10.0.0.24.0.0.0.0,10.0.0.24.0.0.0.0,0,0,1,1,0,0,0,0,Furia_Divina
7,224,3,100,6,4,3,190,0,0,0,0,0,24.0.0.24.0.0.0.0,24.0.0.5.0.0.0.0,4,0,1,8,0,3,0,1,Destino
8,21,1,12,15,1,1,60,0,0,0,0,0,8.0.0.7.0.0.0.0,8.0.0.7.0.0.0.0,0,0,1,1,0,0,0,1,Carga
9,45,0,0,0,0,0,0,0,0,0,0,0,20.0.0.24.0.0.0.0,20.0.0.8.0.0.0.0,0,0,0,0,0,0,1,0,Mestre_das_Armas
10,69,1,20,15,1,1,100,0,0,0,0,0,8.0.0.7.0.0.0.0,8.0.0.7.0.0.0.0,0,0,1,2,0,0,0,1,Golpe_Mortal
11,78,0,47,0,0,0,0,0,0,13,7,99,19.0.0.24.0.0.0.0,20.0.0.24.0.0.0.0,0,0,0,1,0,0,0,0,Assalto
12,72,1,33,15,1,1,200,0,0,0,0,0,7.0.0.5.0.0.0.0,7.0.0.5.0.0.0.0,0,0,1,2,0,0,0,1,Espada_da_Fenix
13,84,0,105,0,0,0,0,0,0,14,10,99,24.0.0.24.0.0.0.0,24.0.0.24.0.0.0.0,0,0,0,1,0,0,0,0,Possuido
14,90,0,0,0,0,0,0,0,0,0,0,0,24.0.0.24.0.0.0.0,24.0.0.24.0.0.0.0,0,0,0,0,0,0,1,0,Nocao_de_Combate
15,218,0,150,25,0,0,0,0,0,31,150,75,24.0.0.24.0.0.0.0,24.0.0.24.0.0.0.0,0,0,0,1,0,0,0,0,Armadura_Critica
16,24,0,130,1,0,0,0,3,50,3,50,4,20.0.0.24.0.0.0.0,20.0.0.8.0.0.0.0,0,0,2,13,0,0,0,1,Golpe_Duplo
17,45,3,13,3,3,2,25,0,0,0,0,0,8.0.0.5.0.0.0.0,8.0.0.7.0.0.0.0,1,0,1,5,0,1,0,1,Espada_Flamejante
18,60,1,17,3,3,1,35,0,0,0,0,0,7.0.0.7.0.0.0.0,7.0.0.7.0.0.0.0,0,0,1,2,0,0,0,1,Contra_Ataque
19,78,1,22,4,3,3,50,0,0,7,1,2,8.0.0.7.0.0.0.0,8.0.0.7.0.0.0.0,2,0,1,1,0,2,0,1,Lamina_Congelantem
20,66,1,30,4,3,1,65,20,2,0,0,1,9.0.0.5.0.0.0.0,9.0.0.5.0.0.0.0,0,0,1,1,0,0,0,1,Ataque_da_Alma
21,87,1,38,4,3,1,80,20,10,0,0,3,9.0.0.5.0.0.0.0,9.0.0.5.0.0.0.0,4,0,1,1,0,3,0,1,Punhalada_Venenosa
22,90,1,0,10,3,2,90,0,0,0,0,0,9.0.0.7.0.0.0.0,9.0.0.7.0.0.0.0,1,0,1,1,0,1,0,1,Exterminar
23,227,3,150,5,4,3,210,0,0,1,2,3,8.0.0.7.0.0.0.0,8.0.0.7.0.0.0.0,2,0,1,8,0,2,0,1,Tempestade_de_Gelo
24,12,1,5,2,6,4,100,0,0,0,0,0,7.0.0.7.0.0.0.0,5.0.0.7.0.0.0.0,4,0,1,1,0,3,0,1,Flecha_Magica
25,42,4,40,8,0,8,8,0,0,0,0,0,24.0.0.6.0.0.0.0,6.0.0.8.0.0.0.0,0,0,1,13,0,0,0,0,Desintoxicar
26,66,2,15,2,6,6,100,0,0,0,0,0,7.0.0.24.0.0.0.0,24.0.0.8.0.0.0.0,0,0,0,1,0,0,0,0,Flash
27,48,2,15,2,6,6,100,0,0,0,0,0,7.0.0.24.0.0.0.0,24.0.0.8.0.0.0.0,0,0,0,1,0,0,0,0,Cura
28,78,1,30,3,5,4,65,0,0,0,0,0,5.0.0.5.0.0.0.0,5.0.0.5.0.0.0.0,4,0,1,2,0,0,0,1,Choque_Divino
29,48,2,30,4,6,6,101,0,0,0,0,0,7.0.0.24.0.0.0.0,6.0.0.8.0.0.0.0,0,0,0,13,1,0,0,0,Recuperar
30,102,4,150,10,1,4,450,0,0,0,0,0,24.0.0.8.0.0.0.0,19.0.0.8.0.0.0.0,4,0,1,5,0,3,0,1,Julgamento_Divino
31,281,1,0,10,5,8,0,0,0,0,0,0,7.0.0.24.0.0.0.0,24.0.0.8.0.0.0.0,0,0,0,1,0,0,0,0,Renascimento
32,18,1,7,1,5,2,170,0,0,0,0,0,5.0.0.7.0.0.0.0,5.0.0.5.0.0.0.0,1,0,1,1,0,1,0,1,Ataque_de_Fogo
33,51,1,10,2,6,5,170,0,0,0,0,0,5.0.0.7.0.0.0.0,5.0.0.7.0.0.0.0,3,0,1,1,0,4,0,1,Relampago
34,69,1,15,3,6,3,95,0,0,1,2,1,5.0.0.7.0.0.0.0,5.0.0.7.0.0.0.0,2,0,1,1,0,2,0,1,Lanca_de_Gelo
35,72,4,25,4,10,2,215,0,0,0,0,0,9.0.0.7.0.0.0.0,7.0.0.7.0.0.0.0,1,0,1,13,0,1,0,1,Tempestade_de_Meteoros
36,72,1,35,4,6,3,230,1,4,1,4,2,6.0.0.7.0.0.0.0,6.0.0.7.0.0.0.0,2,0,1,1,0,2,0,1,Nevasca
37,90,0,75,0,0,0,261,22,100,22,100,99,24.0.0.24.0.0.0.0,19.0.0.8.0.0.0.0,3,0,0,1,1,4,0,1,Trovao
38,81,1,85,5,6,2,290,0,0,0,0,0,9.0.0.7.0.0.0.0,9.0.0.7.0.0.0.0,1,0,1,1,0,1,0,1,Fenix_de_Fogo
39,224,4,25,4,6,2,290,0,0,0,0,0,9.0.0.7.0.0.0.0,7.0.0.7.0.0.0.0,1,0,1,13,0,1,0,1,Inferno
40,24,1,9,2,6,1,20,20,10,0,0,5,10.0.0.9.0.0.0.0,10.0.0.9.0.0.0.0,4,0,1,1,0,3,0,1,Nevoa_Venenosa
41,54,0,52,3,4,0,0,0,0,2,1,99,10.0.0.24.0.0.0.0,9.0.0.8.0.0.0.0,0,0,0,13,1,0,0,0,Velocidade
42,39,0,0,1,0,9,0,0,0,2,1,99,17.0.0.24.0.0.0.0,17.0.0.6.0.0.0.0,0,0,0,1,1,0,0,0,Teleporte
43,63,0,52,1,6,0,0,0,0,11,15,99,24.0.0.24.0.0.0.0,9.0.0.6.0.0.0.0,0,0,0,1,0,0,0,0,Escudo_Magico
44,75,0,78,3,4,0,0,0,0,9,90,99,10.0.0.24.0.0.0.0,10.0.0.8.0.0.0.0,0,0,0,13,1,0,0,0,Arma_Magica
45,72,0,98,4,6,0,0,0,0,15,7,99,19.0.0.24.0.0.0.0,19.0.0.8.0.0.0.0,0,0,0,1,0,0,0,0,Toque_de_Athena
46,81,0,130,1,0,0,0,0,0,18,0,60,20.0.0.24.0.0.0.0,20.0.0.8.0.0.0.0,0,0,0,1,0,0,0,0,Controle_de_Mana
47,269,1,34,40,5,0,0,0,0,32,0,1,24.0.0.24.0.0.0.0,24.0.0.24.0.0.0.0,0,0,1,1,0,0,0,0,Cancelamento
48,24,1,8,1,6,2,231,0,0,0,0,0,5.0.0.8.0.0.0.0,9.0.0.5.0.0.0.0,1,0,1,1,0,1,0,1,Fera_Flamejante
49,36,1,35,30,6,12,0,0,0,0,0,0,8.0.0.6.0.0.0.0,8.0.0.8.0.0.0.0,0,0,1,1,0,0,0,1,Chamas_Et?eas
50,69,1,20,2,6,4,271,0,0,0,0,0,7.0.0.8.0.0.0.0,9.0.0.6.0.0.0.0,0,0,1,1,0,0,0,1,Som_das_Fadas
51,45,3,35,2,6,0,0,10,10,10,10,2,6.0.0.8.0.0.0.0,10.0.0.8.0.0.0.0,0,0,1,13,0,0,0,1,Enfraquecer
52,75,1,25,3,4,4,331,0,0,0,0,0,5.7.0.8.0.0.0.0,5.7.0.8.0.0.0.0,0,0,1,1,0,0,0,1,Furia_de_Gaia
53,78,0,105,15,0,0,0,0,0,25,10,99,9.0.0.8.0.0.0.0,9.0.0.8.0.0.0.0,0,0,0,1,0,0,0,0,Protecao_Elemental
54,90,0,128,0,0,0,261,23,160,23,160,99,24.0.0.9.0.0.0.0,24.0.0.8.0.0.0.0,0,0,0,1,0,0,0,0,Aura_Bestial
55,239,4,30,4,6,2,381,0,0,0,0,0,9.0.0.7.0.0.0.0,7.0.0.7.0.0.0.0,1,0,1,13,0,1,0,0,Espirito_Vingador
56,33,0,30,5,0,11,1,0,0,0,0,0,9.0.0.6.0.0.0.0,8.0.0.7.0.0.0.0,0,0,0,1,0,0,0,0,Evocar_Condor
57,51,0,55,5,0,11,2,0,0,0,0,0,8.0.0.6.0.0.0.0,9.0.0.7.0.0.0.0,0,0,0,1,0,0,0,0,Evocar_Javali_Selvagem
58,72,0,75,5,0,11,3,0,0,0,0,0,8.0.0.6.0.0.0.0,8.0.0.7.0.0.0.0,0,0,0,1,0,0,0,0,Evocar_Lobo
59,72,0,90,5,0,11,4,0,0,0,0,0,9.0.0.6.0.0.0.0,8.0.0.7.0.0.0.0,0,0,0,1,0,0,0,0,Evocar_Grande_Tigre
60,84,0,120,5,0,11,5,0,0,0,0,0,8.0.0.6.0.0.0.0,9.0.0.7.0.0.0.0,0,0,0,1,0,0,0,0,Evocar_Urso_Selvagem
61,93,0,130,5,0,11,6,0,0,0,0,0,8.0.0.6.0.0.0.0,8.0.0.7.0.0.0.0,0,0,0,1,0,0,0,0,Evocar_Gorila_Gigante
62,102,0,155,5,0,11,7,0,0,0,0,0,9.0.0.6.0.0.0.0,8.0.0.7.0.0.0.0,0,0,0,1,0,0,0,0,Evocar_Drag?_Negro
63,220,0,240,5,0,11,8,0,0,0,0,0,8.0.0.6.0.0.0.0,8.0.0.6.0.0.0.0,0,0,0,1,0,0,0,0,Evocar_Succubus
64,33,0,72,20,0,0,0,0,0,16,1,99,8.0.0.8.0.0.0.0,8.0.0.8.0.0.0.0,0,0,0,1,0,0,0,0,Lobisomem
65,45,0,0,0,0,0,0,0,0,0,0,0,8.0.0.2.0.0.0.0,2.0.0.2.0.0.0.0,0,0,0,0,0,0,1,0,Coracao_de_Lobo
66,66,0,144,20,0,0,0,0,0,16,2,99,8.0.0.8.0.0.0.0,8.0.0.8.0.0.0.0,0,0,0,1,0,0,0,0,Homem-Urso
67,45,0,0,0,0,0,0,0,0,0,0,0,8.0.0.2.0.0.0.0,2.0.0.2.0.0.0.0,0,0,0,0,0,0,1,0,Escudo_do_Tormento
68,99,0,260,20,0,0,0,0,0,16,3,99,24.0.0.8.0.0.0.0,8.0.0.8.0.0.0.0,0,0,0,1,0,0,0,0,Astaroth
69,45,0,0,0,0,0,0,0,0,0,0,0,24.0.0.2.0.0.0.0,2.0.0.2.0.0.0.0,0,0,0,0,0,0,1,0,Asas_do_Inferno
70,132,0,390,20,0,0,0,0,0,16,4,99,24.0.0.8.0.0.0.0,8.0.0.8.0.0.0.0,0,0,0,1,0,0,0,0,Tita
71,212,0,390,20,0,0,0,0,0,16,5,99,8.0.0.2.0.0.0.0,8.0.0.2.0.0.0.0,0,0,0,1,0,0,0,0,Eden
72,21,1,15,15,2,1,30,0,0,0,0,0,9.0.0.7.0.0.0.0,8.0.0.7.0.0.0.0,0,0,1,1,0,0,0,1,Ataque_Fatal
73,39,0,45,3,0,0,0,0,0,0,0,0,16.0.0.8.0.0.0.0,10.0.0.8.0.0.0.0,0,0,0,1,0,0,0,0,Ilusao
74,66,0,0,0,0,0,0,0,0,0,1,99,10.0.0.24.0.0.0.0,10.0.0.2.0.0.0.0,0,0,0,0,0,0,1,0,Agressividade
75,51,0,30,6,0,0,0,0,0,27,1,48,8.0.0.7.0.0,9.0.0.7.0.0,2,0,0,1,0,2,0,0,Encantar_Gelo
76,84,0,42,6,0,0,0,0,0,19,15,99,20.0.0.9.0.0.0.0,19.0.0.8.0.0.0.0,0,0,0,1,0,0,0,0,Imunidade
77,87,0,90,6,0,0,0,0,0,21,10,99,20.0.0.9.0.0.0.0,20.0.0.8.0.0.0.0,0,0,0,1,0,0,0,0,Meditacao
78,96,0,0,0,0,0,0,0,0,0,0,0,2.0.0.2.0.0.0.0,2.0.0.2.0.0.0.0,0,0,0,0,0,0,1,0,Lanca_de_Ferro
79,233,6,75,12,6,0,0,0,0,0,0,0,7.0.0.9.0.0.0.0,9.0.0.8.0.0.0.0,0,0,1,9,0,0,0,1,Tempestade_de_Raios
80,18,1,10,15,2,1,30,0,0,0,0,0,9.0.0.7.0.0.0.0,8.0.0.7.0.0.0.0,0,0,1,1,0,0,0,1,Golpe_Felino
81,39,0,108,6,0,0,0,0,0,37,0,99,8.0.0.7.0.0.0.0,9.0.0.7.0.0.0.0,0,0,0,1,0,0,0,0,Ligacao_Espectral
82,69,0,15,6,0,0,0,0,0,29,1,8,19.0.0.24.0.0.0.0,19.0.0.8.0.0.0.0,0,0,0,1,0,0,1,0,Pericia_do_cacador
83,54,0,30,1,0,0,0,0,0,0,0,0,10.0.0.16.0.0.0.0,14.0.0.8.0.0.0.0,0,0,0,1,0,0,0,0,Alquimia
84,84,0,30,1,0,0,0,0,0,0,0,0,10.0.0.16.0.0.0.0,14.0.0.8.0.0.0.0,0,0,0,1,0,0,0,0,Extracao
85,90,0,120,5,0,0,0,0,0,31,90,200,20.0.0.24.0.0.0.0,20.0.0.8.0.0.0.0,0,0,0,1,0,0,0,0,Escudo_Dourado
86,81,5,25,3,6,1,35,0,0,0,0,0,7.0.0.9.0.0.0.0,9.0.0.8.0.0.0.0,0,0,1,10,0,0,0,1,Explosao_Eteria
87,242,0,90,10,0,0,160,0,0,38,0,90,8.0.0.7.0.0.0.0,9.0.0.7.0.0.0.0,0,0,0,1,0,0,0,0,Troca_de_Espiritos
88,27,1,15,6,3,1,12,0,0,0,0,0,9.0.0.7.0.0.0.0,24.0.0.7.0.0.0.0,0,0,1,1,0,0,0,1,Lamina_das_Sombras
89,42,0,24,6,0,0,0,0,0,26,1,99,8.0.0.7.0.0.0.0,9.0.0.7.0.0.0.0,0,0,0,1,0,0,0,0,Evasao_Aprimorada
90,51,0,35,10,0,0,0,0,0,30,1,25,24.0.0.24.0.0.0.0,24.0.0.7.0.0.0.0,0,0,0,1,0,0,1,0,Toxina_da_Serpente
91,69,0,0,0,0,0,0,0,0,38,2,0,2.0.0.24.0.0.0.0,2.0.0.2.0.0.0.0,0,0,0,0,0,0,1,0,Visao_Cacadora
92,75,0,30,6,0,0,0,0,0,36,1,100,8.0.0.7.0.0.0.0,9.0.0.7.0.0.0.0,2,0,0,1,0,2,0,0,Olhos_de_Aguia
93,90,0,0,0,0,0,0,0,0,0,0,0,8.0.0.7.0.0.0.0,8.0.0.7.0.0.0.0,0,0,0,1,0,0,1,0,Lamina_Aerea
94,96,0,0,0,0,0,0,0,0,0,0,99,10.0.0.24.0.0.0.0,10.0.0.2.0.0.0.0,0,0,0,0,0,0,1,0,Protecao_das_Sombras
95,227,0,60,300,0,0,0,0,0,28,1,20,19.0.0.8.0.0.0.0,10.0.0.8.0.0.0.0,0,0,0,1,0,0,0,0,Invisibilidade
96,33,0,72,2040,0,0,0,0,0,4,1,102,8.0.0.8.0.0.0.0,8.0.0.8.0.0.0.0,0,0,0,1,0,0,0,0,Poder_Superior
97,0,4,0,4,13,2,500,0,0,0,0,0,24.0.0.24.0.0.0.0,24.0.0.24.0.0.0.0,1,0,1,13,0,1,0,0,Canhao_Guardiao
98,36,6,42,6,8,0,0,0,0,0,0,1,9.0.0.16.0.0.0.0,6.0.0.7.0.0.0.0,0,0,1,1,0,0,0,0,Muro_de_Espinhos
99,35,0,0,0,0,0,0,0,0,0,0,0,24.0.0.24.0.0.0.0,24.0.0.24.0.0.0.0,0,0,0,1,0,0,0,0,Ressureicao
100,40,0,0,0,0,0,0,0,0,20,0,0,2.0.0.2.0.0.0.0,2.0.0.2.0.0.0.0,0,0,0,0,0,0,1,0,Concentracao
101,39,0,0,0,0,0,0,0,0,0,0,0,24.0.0.24.0.0.0.0,24.0.0.24.0.0.0.0,0,0,0,0,0,0,1,0,Forca_Espectral
102,33,0,72,2040,0,0,0,0,0,29,1,102,8.0.0.8.0.0.0.0,8.0.0.8.0.0.0.0,0,0,0,1,0,0,0,0,Limite_da_Alma
103,0,0,0,0,0,0,0,0,0,0,0,0,24.0.0.24.0.0.0.0,24.0.0.24.0.0.0.0,0,0,0,0,0,0,0,0,NULL